Romanized,Title,Year,Translated,Production,Special Aspects,Director,Scriptwriter,Actors/Actresses,Other Staff,Plot
ye lai feng yu sheng,夜来风雨声,1949,A Rainy Night,新时代影业公司 (Hong Kong),,裴冲,叶逸芳,王丹凤 / 严俊 / 罗兰 / 方伯 / 殷秀岑 / 梅邨,,少女林晚霞与中年男子赵伯翔相恋，伯翔乃有妇之夫，晚霞毫不知情。伯翔欲与妻子郑丽明离婚，丽明欲自杀，幸被其兄救起。晚霞得知非常震惊和自责，毅然返回家乡。伯翔紧追不舍，晚霞由于心软重入情网，不久二人结婚。伯翔因贪财将已有身孕的晚霞抛弃，与富家女钱三小姐去了香港。晚霞生下一女，但不久即因营养不良而夭折。晚霞悲痛欲绝，在雪地里狂奔而晕倒。伯翔因无法忍受钱三小姐的玩弄而归来，晚霞却已撒手人寰。
sen lin da xue an,森林大血案,1949,The Murder in The Forest,中企影艺社,,岳枫,岳枫,罗兰 / 关宏达 / 井淼 / 项堃 / 严俊 / 汪漪,,郊外的密林中惊现女尸，警察局长请已退休的老探长郭震中负责侦破。震中不愿再见血腥，便推荐了年轻有为的职业侦探邬少卿。谁料不久以后，震中之子郭少华竟被邬少卿以涉嫌杀人的罪名逮捕。震中知道儿子无辜，便开始暗中调查取证。真相渐渐暴露，原来被害少女白玉英是海外巨商唐启昌后代，启昌留下遗嘱将财产交给国内的后代继承，邬少卿兄妹为冒领遗产将玉英杀害。邬少卿在与警察的激战中中弹死去，其妹受伤投降，供出了杀人冒领的犯罪事实，郭少华也被无罪释放。
han shan si zhong sheng,寒山寺钟声,1949,Bells in Hanshan Temple,中企影艺社,,孙敬,方泓,欧阳莎菲 / 毛燕华 / 高博 / 卫禹平 / 蓝莺莺,,月夜，热心的船夫载着一名病重的少妇到寒山寺，请寺里的胡老医生帮助诊治。少妇拒绝治疗，只将一本日记交与胡老医生请他代为收藏。寺中还住着一名性情孤僻的中年人刘秉松，老医生看了日记十分感慨，不由来到刘的房间。酒过三巡，刘乘着酒意讲了自己的故事。两年之前刘与妻子的结婚纪念日那天，幼时朋友李云川突然来到。李云川讲了自己的爱情故事，故事的女主角竟然是刘的妻子。刘十分痛苦地选择了离开。老医生突然发现这与少妇所写的日记讲的是同一个故事，只不过少妇与李二人并未结合…
nian nian ru yi,年年如意,1949,Year After Year,华光影业制片厂,,韩兰根,龚硕平,韩兰根 / 章志直 / 陈嬿 / 关宏达 / 朱月影 / 金川 / 杨诚 / 李黎明 / 傅梅 / 崔碧玉 / 钱步铭 / 马忠英 / 何梅影,高文亮 (Producer) / 高鹤鸣 (Assistant-Director) / 仲慰 (Filmset) / 盛余泳 (Camera) / 钱步铭 (Stage-Manager),进出口公司职员王筱义虽收入微薄却恪尽职守，同事关宏兴、章锡林暗地做投机生意，获利丰厚。经济不景气导致物价飞涨，筱义为了一家生计只得在工作之余到街上卖面包，因为时常忙到深夜，早上上班迟到便偶有发生，经理吴剑华十分不满，甚至拒绝了筱义一家的拜年。剑华一日外出时忘了拔出保险柜钥匙，筱义发现后寸步不离地守护，剑华感其忠诚，决定寻机重用。政府打击奸商，关、章二人入狱，剑华给筱义升了职。新年又到，筱义夫妇到剑华家拜年受到热情接待，两家人彼此恭贺“年年如意”。
tong xin jie,同心结,1949,Chinese knotting,嘉年影业公司,,方沛霖,吴铁翼,关宏达 / 周伯勋 / 乔奇 / 怀锦 / 范莱 / 言慧珠 / 傅惠珍 / 方伯 / 宏霞,吴江海 (Sound) / 林圣清 (Sound) / 包时 (Producer),当红歌星高衣兰每夜都被噩梦折磨，遂到冯老医生处求医。冯推荐她去听青年心理学家林思的学术演讲，林思讲得非常精彩，衣兰却睡着了，后被结束时的掌声惊醒。衣兰到台前向林思询问治疗噩梦的方法，林思不识衣兰，便告诉她可以学着唱唱歌，但不可唱衣兰所唱的那些流行歌曲，因为那些歌只能让人更加郁闷。衣兰以为林思有意奚落自己，大怒而去。林思从冯医生处得知真相，遂打电话道歉，并邀衣兰吃饭以未陪罪，衣兰却故意失约以示报复。
e ren xing,饿人行,1949,March of the Hungry People,嘉年影业公司,,吴永刚,吴永刚,韩兰根 / 殷秀岑 / 苏芸 / 秦文 / 方伯 / 章志直 / 关宏达,吴承镛 (Producer) / 李生伟 (Camera),一个寒冷的冬夜，饥饿的韩阿根藉着炉灰的余温睡在垃圾箱边，他正梦着享受丰盛的晚餐，炉灰的余烬却烧着了他的破裤脚，好梦惊醒。天亮了，韩阿根好不容易找着一根肉骨头，却被野狗抢走。为了争口饭吃，韩阿根与靠替人看相糊口的关铁口发生纠纷，却不打不相识成为朋友。晚上二人从墙上的垃圾洞钻进了富人殷先生的厨房，碰巧殷先生正因病节食，也饿得发慌进了厨房，三人在一起昏头昏脑地吃了一顿，结果自然是韩、关二人被关进监狱。正当二人庆幸在牢中还有饭吃时，却被无罪释放……
nv er chun,女儿春,1951,The Spring of a Woman,Datong Film Company,,黄汉,赵清阁,王熙春 / 乔奇 / 颜碧丽 / 徐曼 / 宣景琳 / 关宏达 / 凤凰 / 王钧 / 周刍 / 罗静宜 / 田钧 / 费柏青 / 于冲 / 黄耐霜 / 王岚 / 冯奇 / 莫天琴,宋宝琪 (Stage-Manager),史良玉是个要求进步的女子，因被投机商人胡元海儒雅的外表迷惑而嫁给了他。抗战胜利后，二人来到上海，胡元海靠做投机生意发了大财，史良玉对此十分不满，二人感情渐远。好友陈云是个进步的新闻工作者，她告诉史良玉一定要有斗争的信心。胡元海元配刘氏、儿子胡建生、儿媳李茗、孙儿小茗和丫头小红突然来到家中，史良玉愤于被骗欲与胡元海离婚，胡元海贿赂法院院长，并威胁史良玉，如不放弃离婚就要以“通共”罪名向陈云下手……
ren shou zhi jian,人兽之间,1950,Humans and Beasts,嘉年影业公司,,何非光,何非光,石羽 / 白荷 / 李季 / 叶高 / 傅惠珍 / 李静康 / 凌之浩 / 张莺 / 关宏达,,吕彼得长期从事医学试验，因妻子被毒蛇咬死，从此走火入魔。他为在人体中培养毒素以增强抗毒功能，牺牲了许多婴孩的性命，还诱骗了女护士宝凤，毒哑了男佣阿土。丽莺是吕彼得捡来的弃婴，十九年来一直是吕彼得的试验品。医院院长龚钧武的学生乔林与丽莺偶然相识，成为好友。吕彼得为了除掉乔林，假意邀请龚、乔二人到家中吃饭。为防秘密泄漏，吕彼得掐死了宝凤。得阿土帮助，吕彼得阴谋败露。
ren zai wu yan xia,人在屋檐下,1949,Under the Roof,华侨影业公司 (Hong Kong),,项堃 / 沈西琳 ,,叶小铿 / 张雁 / 项堃 / 阮斐 / 董霖 / 叶高 / 张立德 / 方伯 / 寇嘉弼 / 梁笃生,李君侠 (Producer) / 萧家点 (Producer) / 项堃 (Executive-Producer) / 沈西琳 (Executive-Producer),新闻记者郑义感是个有良知的知识分子，报社的主事们却暗地里干着卑鄙勾当。郑义感对此深恶痛绝，但为了家人只得将愤怒藏于心中。因和退伍军人冯伯乐救助了被压迫的戴太太一家人，郑义感被流氓章五怀恨在心。冯伯乐与朋友做着组织穷苦民众离开上海奔向新生活的工作，希望郑义感加入。郑妻却告诉丈夫人在屋檐下哪能不低头，郑义感便欲以自己的方式与特权阶级斗争。由于撰文暴露权贵营私舞弊内幕，郑义感被社长指使章五等人迫害入狱。郑义感这才感到，仅凭个人的抗争不可能取得成功……
nv da heng,女大亨,1950,The Female Tycoon,黎明影业公司,,徐苏灵,包蕾,张伐 / 童芷苓 / 唐槐秋 / 周伯勋 / 徐缓 / 顾梦鹤 / 沙莉 / 乔奇 / 苏琴 / 田振东 / 何学初 / 张立德 / 丁一 / 田太宣 / 朱月影 / 华臣 / 马斐 / 何剑飞 / 桑克正 / 白明 / 伊纹 / 何真 / 林榛 / 王敏 / 江山,,棉纱厂老板洪发昌因病逝世，留下女儿天霞和甥女小曼。天霞颇有魄力，一方面打消了亲戚们侵吞遗产的野心，一方面抓住了工厂的管理权，并让小曼做助手。天霞设法结交了名人袁先生的太太，并认其为干妈……
tai ping qiao de nu chao,太平桥的怒潮,1949,Anger of Taipingqiao Village,新中华影业公司,,杨小仲,杨小仲,张翼 / 欧阳莎菲 / 韩兰根 / 吕玉堃 / 杨志卿 / 周起 / 章志直 / 杨芳菁 / 顾梦鹤 / 陶由 / 姜修 / 谭光友,,太平桥是江浙的一个小乡村，因不甘受日寇压迫，青年农民赵大刚逃到游击区打游击。抗战胜利后，大刚满怀希望回到家乡，却发现家中的田地和房屋已被流氓富绅魏仁杰强占。为使父母和未婚妻阿花能过得好一些，大刚只好到魏家做工。魏仁杰之子魏宏道看上了阿花的美貌，强迫阿花给他的太太做女仆，并在一个雷电交加的夜晚将阿花强奸。阿花羞愤难当，投河自尽。大刚抱着阿花的尸体到魏家讨公道，却被魏仁杰以敲诈之罪名关押起来……
jiang cun you xia zhuan,江村游侠传,1951,Story of the Rangers in a Riverside Village,新中华影业公司,,陈翼青,于亚夫,乔奇 / 王熙春 / 杨志卿 / 章志直 / 陶由 / 张明 / 费柏青 / 周起 / 于冲 / 高笑鸥 / 黄耐霜 / 高扬 / 姜修 / 王桂林 / 杨芳菁 / 洪川,邵子和 (Sound) / 顾鸿芳 (Producer),日寇投降后，江巷镇大地主郝福元由维持会长变成镇长，儿子郝金山总揽镇公所事务，侄子郝二虎则担任保卫团长。这一门三霸无恶不作，百姓苦不堪言。郝家总管林顺生之子林大海富有正义感，郝家的粮食和钱款则不翼而飞，只有一张借米警告，百姓们则在断炊之际得到了救命的钱粮。佃户李安发之子铁狗参加了游击队，在镇上执行秘密任务。郝福元怀疑铁狗，将其强行抓去，小凤为逃避郝二虎的强暴向郝金山求助，并借机挑拨二人关系……
da jia huan xi,大家欢喜,1951,And Then Everyone is Happy,新中华影业公司,,杨小仲,杨小仲,韩兰根 / 殷秀岑 / 杨志卿 / 关宏达 / 张琬 / 顾梦鹤 / 洪警铃 / 章志直 / 何剑飞 / 朱少泉 / 陶由 / 谭光友 / 陈云华 / 杨芳菁,沈维善 (Filmset) / 李洪泉 (Makeup) / 邵子和 (Sound) / 顾鸿芳 (Producer) / 陈翼青 (Executive-Producer) / 陈震祥 (Camera) / 韩杰从 (Costume) / 陈甦 (Stage-Manager) / 陈蝉 (Stage-Manager) / 林福增 (Art) / 韦顺宝 (Editing),袁宜斋是南京城有名的富绅，其子袁福成在特务机构担任要职，利用职权挣来了巨大资产。帐房何雨林与家仆袁兴一起，替主子放高利贷。韩小金之父生前借了袁家六石米，五年后变就成了九十六石。为偿还债务，小金只得到袁家照顾痴呆的二少爷福宝，家中母亲托表妹秀珍和朋友小才照顾。因母亲病重，小金无奈偷了袁家的钱，被警察抓进监狱，母亲也急病交加而死。解放后，小金与小才在卫生局清洁处找到了工作，并协助解放军将企图用定时炸弹进行暗杀活动的袁福成一伙一网打尽。
huan nan fu qi,患难夫妻,1950,The Couple in Trouble,Da Guangming Film Company & Guotai Film Company,,韩兰根,,张帆 / 韩兰根 / 殷秀岑 / 关宏达 / 陆露明 / 司徒莺 / 章志直 / 洪警铃 / 陶由 / 李明 / 洪川 / 黄耐霜,赵家树 (Editing) / 林福增 (Art) / 任心良 (Sound) / 廖云士 (Producer),1948年，一个邻近上海的小县。名人苏耀千表面上干着急公好义的事，暗地对贫民实行压榨和迫害。卖糖小贩苏阿根，几年来一直压在苏耀千的高利贷下，他有一个貌美的未婚妻二宝，不想被苏耀千看上。苏耀千用金钱作饵，想让阿根就范，不想反倒促成阿根和二宝提前举行了婚礼。被激怒的苏耀千，使用阴谋害死了阿根的母亲，想置阿根于死地，阿根只得泣别二宝，背井离乡。阿根流浪到上海，无处栖身。告卖血吃了几天饱饭。彷徨在上海街头的阿根，却看到了苏耀千，便跑去报告警察局抓人，哪知财能通神，结果被关的却是自己。1949年5月25日，上海解放了。阿根恢复了自由，苏耀千也受到了制裁。在旧邻居李三嫂的帮助下，阿根与二宝又重逢了。
hun yan da shi,婚姻大事,1950,The Importance of Marriage,惠昌商务有限公司,,徐昌霖,秦瘦鸥,林杉 / 高占非 / 魏鹤龄 / 袁蓉 / 朱莎 / 路珊 / 王岚 / 周刍 / 张琬 / 冯继雄 / 白荷 / 童芷苓 / 林榛 / 顾兰君,罗从周 (Camera) / 姚守清 (Sound) / 廖云士 (Producer),解放前的旧上海，从农村逃出来的童养媳阿荷在张家帮工。张老太太是一位曾经得到“节孝可风”牌匾的老寡妇，她的儿媳香兰也年轻守寡。她的女儿张意琳爱幕虚荣，嫁给官僚施子范后，因忍受不了封建道德的压迫而自杀未遂。张意琳和老太太也被施子范骗去钱财。解放后，施子范受到了人民政府的惩罚，张意琳和他也解除了婚姻关系。阿香也回到了家乡，与心上人终于眷属。
san bai liu shi hang,三百六十行,1950,All Types of Careers are Hopeless for Him,Da Guangming Film Company & Guotai Film Company,,叶逸芳,叶逸芳,韩兰根 / 殷秀岑 / 仓隐秋 / 章志直 / 司徒莺 / 邹小燕 / 谭光友 / 杨志卿 / 孙敏 / 何剑飞 / 姜修 / 朱少泉 / 陶由,,青年农民小三子因不堪恶霸欺凌，不远千里到上海投奔舅舅王半仙。王半仙收起为人测字的摊子，带着外甥回到家中。家其实就是一个棚屋，住着卖唱的姜大叔及其孙女小英等一大群人。大家虽然很穷，但相处十分融洽。小三子走在大街上，一个人将一包毒品塞到他手上，他成了毒贩替罪羊被抓进监狱。谁知监狱人满不患，不得不释放一批囚犯，小三子重获自由。小三子开始尝试各种工作，但七、八行做下来，不是受骗就是上当，小三子绝望了。
shuo huang de zhang fu,说谎的丈夫,1950,A Lying Husband,东华影业公司,,叶逸芳,叶逸芳,华香琳 / 乔奇 / 杨志卿 / 张翠英 / 关宏达 / 罗玲 / 仓隐秋 / 陆露明,,林丽华母亲早逝，父亲是名医术高超的医生。丽华与张小君定婚那天，小君见丽华的一位女同学长得十分漂亮，便多看了两眼。小君的表情被林父看到，为了丽华一生幸福，林父决定实施一个计划，并取得了丽华的理解和配合。不久小君得知丽华因车祸脸部受伤，伤好后也会十分丑陋。小君坚决地表示自己爱的是小君的人而不是脸，二人顺利结了婚。小君发现一个女人长得酷似未毁容的丽华，便每天都去看她，对妻子自然只有一个谎言接着一个谎言。
yin yang jie,阴阳界,1951,The Two Worlds,东华影业公司,,孙敬,,童芷苓 / 杨志卿 / 徐琴芳 / 于冲 / 关宏达 / 岳麟 / 耿琳 / 丁虹 / 丁瑛 / 华华,叶逸芳 (Producer),上海解放，市民们无不欢欣鼓舞。工厂主钱柏年将厂子关掉，又将家中客厅隔成小间准备出租。妻子和小女铭珠对其做法不以为然，长女蕙珠则与唐柏年过去的秘书、跑到香港躲债归来的唐立明串通，引得钱柏年到香港投资。在香港，钱柏年被唐立明伙同朱夫人等骗去钱财，蕙珠则被骗失身。钱太太和铭珠卖掉洋房盘活了工厂，生产进行顺利。钱柏年与蕙珠十分后悔，一家人决定离开香港。车过交界时钱柏年指着交界线感慨地说：这正是阴阳界。
shi liu hong,石榴红,1950,The Pomegranate are Red,中国五彩电影实验工场,Shaoxing Opera,韩义,沈默,戚雅仙 / 徐天红 / 高剑琳 / 焦月娥 / 筱水招 / 茅胜奎 / 魏兰芳,颜鹤鸣 (Camera),清朝咸丰年间，江南某地，肖小玉和张芸姑两小无猜，共种一棵石榴树。长大以后，两人相爱。但是一大户人家看中张芸姑，强聘结婚。张芸姑受到非人待遇，生了女儿小芸。后来家中失火，芸姑母女逃出，靠苦耕度日。小芸与肖之义子幼玉相爱。但县官又要娶小芸为妾。肖小玉与张芸姑安排幼玉和小芸逃去。县官追来，肖小玉和张芸姑掩护小芸和幼玉逃走。最终，两人参加了太平军。
zhi bu guo shi ai qing,只不过是爱情,1951,It’s Just Love,中国五彩电影实验工场,,韩义,沈默 / 沈铭,李纬 / 杨志卿 / 张莺 / 田钧 / 高笑鸥 / 杨芳菁 / 王慕萍,,郑素芳是上海某公立医院的护士，上海解放后，医院的一部分改成解放军伤员的病房。一天医院里的伤员李有光吵着要回前线。郑素芳耐心地说服，才使他安静下来。郑素芳的未婚夫凌扬在解放军中担任指导员，参加了解放海南岛战役，在她爱人的影响下，她工作十分积极。海南岛解放了人家都欢庆胜利，而郑素芳却接到了丈夫阵亡的消息。
da lei yu,大雷雨,1949,The Heavy Thunderstorm,远东影业公司,,陈铿然,李之华 / Nikolai Alexeevich Ostrovsky,沙莉 / 孙道临 / 吴茵 / 沈扬 / 唐槐秋 / 李纬 / 何剑飞 / 陈珉 / 柳杰 / 马忠英,黄贻钧 (Music) / 陆洪恩 (Music) / 薛伯青 (Camera) / 薛岱云 (Camera) / 许明 (Editing) / 张汉臣 (Filmset) / 李洪泉 (Makeup) / 应云卫 (Producer) / 章志直 (Stage-Manager),杨文英喜欢郭清源，但最终嫁给彭家骏伺候彭家。某晚一女子跳河被人救起后父亲花了许多钱才从郭春甫还回的事使杨文英难忘。杨文英常被彭氏看不起，可无论郭清源、反抗封建的秀云怎样劝说，她始终在忍受着…
ye ying qu,夜莺曲,1950,Ode to a Nightingale,雷电影业公司,,吴文超,谭维翰 / 盛余泳,白虹 / 李静康 / 金川 / 吕玉堃 / 洪警铃 / 白蓉 / 严引玉 / 华香琳 / 范石人 / 王曼娜 / 冯继英 / 殷秀岑 / 杨诚 / 苏瑛 / 周起 / 章志直 / 韩兰根 / 高扬 / 傅梅,吴文超 (Producer) / 王明安 (Executive-Producer),西子湖畔的别墅中，画家季超为一个从自行车上摔下来的小女孩包扎伤口，小女孩破涕为笑唱起了季超所熟悉的歌曲《夜莺曲》，季超的思绪回到了十二年前。季超与好友来到金蕾咖啡馆，听红歌星方圆珠演唱得意新作《夜莺曲》。不久季、方二人相爱，却被季父横加阻挠。二人经过抗争终于走到了一起，却因季超误会圆珠与他人有染而将其怒斥。圆珠芳心破碎，悄然离去。得知真相的季超四处寻找圆珠，如今好不容易得知消息，圆珠却已为他人之妇。
shi li chuan jia,诗礼传家,1952,Family Doctrine,Da Guangming Film Company,,陶金,陶金,李丽华 / 陶金 / 顾而已 / 顾也鲁 / 林静 / 李丹薇 / 徐锦文 / 陈风 / 姜明 / 邓敏 / 牛犇 / 裘萍 / 颜碧君 / 吴家骧 / 吴景平,李厚襄 (Music) / 万古蟾 (Filmset) / 颜碧君 (Makeup) /顾而已 (Producer) / 顾也鲁 (Producer),蒋家珠生于封建迷信的大家庭，她十岁那年，蒋老爷竟为亡兄迎娶媳妇；她亦自小许配予高司令的第八子，然而她却与同窗兴汉感情笃厚。兴汉父亲认为儿子应往外闯荡一番，便托叔父带儿子到西北去，一对小恋人因此分离。一别十年，兴汉回乡，目睹高家势力日隆。高少爷迫奸蒋家寡妇，奈何蒋二老爷慑于高威势，竟迫令寡妇投江自尽。家珠欲反抗盲婚约束，反遭痛殴一顿。蒋家大嫂，二嫂均不值二老爷所为，结果亦落得惨死。兴汉与家珠深知...
ying mi zhuan,影迷传,1950,A Tale of Two Western Movie Fans,Datong Film Company,,洪谟,黄佐临,乔奇 / 高博 / 林榛 / 朱琳 / 梁明 / 颜碧丽 / 章志直 / 周刍 / 陈重 / 王路西 / 言慧珠 / 关宏达,罗从周 (Camera) / 谢晋 (Assistant-Director) / 张石川 (Producer) / 柳和清 (Executive-Producer),大学生林梦侠是个超级影迷，他在电影院门口买了根绳子，想模仿一下美国西部片中的英雄，碰巧一个小偷抢了一女人的手提包后逃走，不期落入梦侠的绳套，被抢的关太太将他称为中国的埃洛·弗林。少女姚俪影也是超级影迷，为追求地道的美国生活一心想到美国留学，却被父母拒绝。因心情烦闷，俪影深夜在郊外徘徊，被两恶汉劫持。梦侠途经此地，遂上前营救，二人由此相识。为了女儿可以从爱情中得到慰藉，姚家父母请来医学专家为梦侠进行“健美改造”……
zi you tian di,自由天地,1950,The Land of Freedom,Datong Film Company,,黄汉,于思 / 赵清阁,于冲 / 宣景琳 / 李保罗 / 王恺 / 强明 / 宏霞 / 罗静宜 / 高博 / 周曼华 / 乔奇,罗从周 (Camera) / 张石川 (Producer) / 柳中亮 (Executive-Producer),夏进士即将到财政厅任秘书之职，其妻体弱多病，有女名芹。夏进士的寡妹带着两个儿子胡庆华、胡兆华与他们同住。夏芹与胡庆华热恋，胡庆华在到北平上学之前告诉夏芹要反对封建，争取自由。夏进士欲将女儿嫁与财政厅长的儿子，夏芹得知后连夜逃走。日本飞机来袭，夏芹与众多百姓在爆炸中倒下。夏进士一家找到了夏芹的衣物和一具血肉模糊的尸体，夏太太悲痛而逝。庆华得知消息痛不欲生，从此参军抗日。夏芹实为游击队所救，参加了民教工作。最终一对恋人在故土重逢，共同走向自由天地。
tai tai wen ti,太太问题,1950,The Problematic Wife,Guotai Film Company,,徐昌霖,戴维峙,周伯勋 / 路珊 / 李保罗 / 林仪 / 李静康 / 金川 / 朱莎,柳中浩 (Producer) / 应云卫 (Executive-Producer),赵先生是上海某工厂的高级职员，虽然收入还算丰厚，却还是不能满足喜欢吃喝玩乐的太太的需要。上海解放后，赵太太在北京读书的妹妹刘小姐即将前来，为此赵太太准备重添三套家具，把家里装饰一番，同时借着为赵先生过生日之机大摆宴席，好在妹妹面前风光一下。为满足太太的虚荣心，赵先生只得四处借债。刘小姐终于到来，受到赵太太的精心呵护，刘小姐却对此十分反感，声称再这样就要回去。
huan tian xi di,欢天喜地,1949,A Joyful Wedding,Datong Film Company,,郑小秋,吴仞之,林默予 / 汪漪 / 史原 / 韩涛 / 周刍 / 林榛,,十七岁的张小林与十五岁的马爱琳相爱，爱琳父亲是位不走运的医生，家里只能靠出租二楼的房子来维持生计。小林得到马太太的喜爱，却要小林父母去提亲。小林父母则认为求婚前得先去马家看看，于是小林之父张铁生装成去看病的病人，张太太则装作去看房子。马太太得到小林通知，将家中打扮得十分富有，丈夫也成了红极的医生。为了门当户对，两家相互攀比，小林伯父忍不住道破双方真实情况，终于办了一场欢天喜地的婚礼。一年之后，小林与爱琳生了个小得惊人的胖娃娃。
die lian hua,蝶恋花,1949,A Loving Couple,Datong Film Company,,黄汉,赵清阁,沙莉 / 乔奇 / 陈重 / 江山 / 夏冬 / 罗静宜 / 于冲 / 周刍 / 苏曼意 / 强明 / 柳杰 / 朱琳,,1949年3月30日恰逢周水月教授生日，晨起，周水月在小院里亲手灌溉钟爱的蔷薇。女儿周芹正待出门上学，适男子姚蔷来约。周水月想起两个月前在上海某大学开学之日发现姚蔷与自己面貌相似，后又发现姚蔷与女儿周芹迹近恋爱，不禁惴惴不安……
wang chuan qiu shui,望穿秋水,1949,Looking Forward to His Return,Datong Film Company,,何兆璋 / 谢晋,许之乔,张鸿眉 / 强明 / 韩涛 / 王岚 / 于冲 / 季虹 / 姜祖麟 / 高博 / 张逸生 / 沙莉 / 朱琳 / 梁明 / 金川 / 罗静宜 / 吕玉堃,罗从周 (Camera) / 张石川 (Producer) / 柳中亮 (Executive-Producer),抗战期间，青年黄涛参加了远征军，因功升为连长。抗战胜利后，黄涛不愿替国民党反动派打内战，毅然退伍回到上海，并与中学同学沙若蕙结婚。受老师鲍教授影响，黄涛决定离开上海到解放区去。若蕙毅然同意了黄涛的决定，并在黄涛走后将身心都投入到教育工作中去。妹妹若兰是学生运动的中坚分子，受其激励若蕙也在教联的领导下积极支持学生运动。有传言称黄涛已死，但若蕙坚信黄涛还活着。上海终被解放，黄涛与若蕙胜利相逢，若兰则参加了西南服务团，为解放全国向西南进军。
shi qu de ai qing,失去的爱情,1949,The Lost Romance,Datong Film Company,,汤晓丹,徐昌霖,金焰 / 秦怡 / 周伯勋,周伯勋 (Stage-Manager),女大学生不能与她所爱的画家结合，被迫嫁给一个和日本侵略者有关系的奸商。画家因此愤而出走，参加了抗日斗争。一次，奸商对女佣图谋不规，被女佣打死；女大学生由于对生活失望，自愿顶替女佣的死罪。影片最后，抗战胜利了，画家回到故乡，他在女大学生的坟前喃喃自语：“追求个人的幸福，是得不到的”。由此暗示：人们只有投身到革命的洪流中去，才能获得幸福。
yi xiang tian kai,异想天开,1949,Impractical Imaginations,Guotai Film Company,,杨小仲 / 陈翼青,杨小仲,吕玉堃 / 章志直 / 殷秀岑 / 曹慧麟,,余致富是个靠投机发财的暴发户，其妻秀宝原为舞女，女儿玛莉则是前妻所生。家中来了两个不速之客，从名片看竟是财政部马专员及其秘书。余致富给了玛莉一大笔钱，要她好好结交马专员，狐朋狗友们闻讯而来，对余致富百般勾结。秀宝欲觅高枝找到马专员，却发现马专员竟是老相好、流氓洪大刚，这一切不过是一个精心策划的骗局。余致富满脑子幻想，等来的却是一个个坏消息：妻子与老情人远走高飞，女儿玛莉也与一真心相爱的穷青年私奔。
nv zei,女贼,1949,The Thief Woman,嘉华影业公司,,屠光启,杨忠源 / 屠光启,欧阳莎菲 / 顾梦鹤 / 杨志卿 / 陈天国 / 殷秀岑 / 章志直 / 张琬 / 朱莎,,华夫人是一个著名的女贼，但很少有人知道她还有一个女儿小凤，十几年来一直寄养在乡下她的姐夫家。随着年龄的增长，已近中年的华夫人开始厌倦窃贼的生活，想从此与女儿一起平平静静的过日子。华夫人为人仗义，想在散伙之前对手下的弟兄们有个交待，便拿出自己所有的积蓄分给了他们。然而，奸诈的老刘非但不领情，反而到处散布她是想抛弃弟兄们和女儿一起去享清福。华夫人被激怒了，开枪打伤了老刘。老刘因此对她怀恨在心。华夫人满心欢喜地来到了乡下，不料姐夫却告诉她小凤已经害急病死了。华夫人悲痛万分。既然女儿已经不在了，今后的生活也就无所谓了，心灰意冷的华夫人决定继续自己的窃贼生涯。其实，小凤并没有死，而是被她黑心的姨父卖进了妓院。这个秘密被暗暗跟踪华夫人而来的老刘知道了，他悄悄地把小凤从妓院里“偷”了出来。转眼六年过去了，小凤在老六的精心训练下，已经成了一个化名白小姐的惯偷。然而华夫人却一直被蒙在鼓里。一天，贵妇李夫人举行盛大的宴会。白小姐、华夫人、还有一个被强迫做贼的青年徐志祥都混了进去。他们的目标都是一个：李夫人的猫眼宝石。一开始，猫眼竟然被手段并不高明的徐志祥偷到了手；不过没过一会儿就被白小姐骗了去。正当二人一个沮丧一个得意之时，华夫人出现在他们面前，讥讽他们都是有眼无珠的笨贼。原来，白小姐手中的猫眼是假的，真货已经落到了华夫人的手中。心高气傲的白小姐受不了这样的羞辱，竟带了几个同党去找华夫人拼命。一番折腾后，白小姐没有伤了华夫人一根汗毛自己却险些出事，反被华夫人救了出来，并因此与徐志祥相爱了。徐志祥原本是个正直的青年，他不甘堕落，决定改过自新。在他的影响下，白小姐也决心从此洗手不干了。华夫人因此十分懊恼，决定对徐志祥实施家法。然而，当华夫人从老刘口中得知白小姐就是自己的女儿小凤时，不禁惊喜交集，当即取消了处死徐志祥的决定。老刘十分恼怒，竟拿小凤的性命相要挟，逼华夫人对徐志祥执行家法。为了女儿，华夫人只得照办，但是她只是打伤了徐志祥的肩膀。对一切毫不知情的白小姐自然不会因此感激华夫人，却因为她打伤了自己的爱人对她充满了仇恨。不久，伤愈后的徐志祥要和白小姐结婚了。华夫人知道老刘决不会放过他们，便急忙赶到了教堂，并在教堂门外开枪将正准备行凶的老刘击毙。教堂里，白小姐和徐志祥在婚礼进行曲中结为了夫妇。看到自己的女儿得到了幸福，华夫人无怨无悔地随警察登上了警车。
wan huo de nv ren,玩火的女人,1949,The Dangerous Woman,大华电影企业公司,,屠光启,,欧阳莎菲 / 朱莎 / 杨志卿 / 严俊,薛伯青 (Camera),抗战爆发，徐曼卿与同学王天宁、唐瑞芬离开上海来到重庆。曼卿深爱天宁，天宁却爱着瑞芬。为了不伤害曼卿，瑞芬情愿与天宁断绝交往，但曼卿仍然没有得到天宁的爱情。曼卿认为只要杀了天宁后自杀，便可以永久占有他，遂欲毒死天宁。幸亏瑞芬及时发现，曼卿愤然出走。天宁与瑞芬结了婚，抗战胜利后，天宁带着妻子和女儿回到上海。曼卿此时是当红交际花，为报复天宁，她先将天宁带进交际圈。天宁逐渐迷失，被曼卿彻底征服，遂坚决与瑞芬离了婚……
sheng ming jiao xiang qu,生命交响曲,1950,Symphony of life,Guotai Film Company,,徐苏灵,刘任涛,顾德刚 / 王钧 / 乔奇 / 张莺 / 魏鹤龄 / 王岚 / 金川 / 康泰 / 李纬 / 房珊 / 张琬 / 高笑鸥,柳中浩 (Producer) / 应云卫 (Executive-Producer),1927年，上海日华纱厂工人举行大罢工，工人吴根发被打伤，青年工人邵一峰找到在医学院读书的好友周维德，维德女友刘静仪是医院护士，在众人合力救治下，吴根发脱离了危险。维德毕业后与静仪结了婚，沪战失利，维德参加了红十字会医疗队随军西撤，在一次日寇的轰炸中失去了一条腿。皖南事变爆发，维德深深感到，在政治问题没有解决之前，再高的医术也解决不了问题。静仪从重庆赶来，在她的安慰下，维德重新建立起了抗战必胜的信念。
yue ju jing hua,越剧菁华,1949,Shaoxing Opera Collection,Wenhua Film Company,Shaoxing Opera,桑弧 / 黄沙,,范瑞媚 / 傅全香 / 徐玉兰 / 王文娟 / 袁雪芬 / 筱小招 / 吴小楼 / 竺水招 / 戚雅仙,牛汉诚 (Property) / 倪亦非 (Makeup),
xun meng ji,寻梦记,1949,Catching the Dream,中央电影摄影场一厂,,唐煌,易文,韩兰根 / 关宏达 / 邵华 / 岳路 / 文波士 / 莲蒂 / 文泉 / 杜骊珠 / 孙侠 / 郭平 / 杨雪如 / 田太宣 / 何剑飞 / 戴学庐 / 苏鸿 / 高秋 / 杜小珠 / 王岚,罗学濂 (Executive-Producer) / 裘逸苇 (Producer) / 黄贻钧 (Music) / 苗振华 (Camera) / 董健 (Camera) / 庄文郎 (Editing) / 李永周 (Property) / 韩辛 (Art) / 葛师承 (Filmset) / 戈永良 (Art) / 王沧 (Filmset) / 王铁彬 (Makeup) / 金杏庵 (Stage-Manager) / 赵小亭 (Stage-Manager) / 陈文泉 (Assistant-Director) / 傅启疆 (Sound) / 丁伯和 (Sound),新闻记者赵君尧和林辉战地采访归来，途经一小村，二人便欲停下来休整。刚一进村，君尧便被因思念出征多年的儿子而精神错乱的老人李鸿生当成了自己的儿子，其盲妻听得儿子归来，亦十分激动，美丽善良的儿媳阿香不知如何是好。第二天，李鸿生带君尧去扫墓祭祖，并拿出多年的积蓄给君尧投资经商。君尧深受感动，但知道长痛不如短痛，决定离去。阿香已与君尧互生情愫，却无法摆脱对丈夫的思念和封建礼教的束缚。清晨，君尧与林辉悄然离去……
shi er xiao shi de qi ji,十二小时的奇迹,1949,The Miracle in Twelve Hours,Guotai Film Company,,徐昌霖,徐昌霖,童芷苓 / 石羽 / 束夷 / 朱莎 / 王豪 / 林榛 / 周伯勋,周诗穆 (Camera) / 周伯勋 (Executive-Producer) / 柳中浩 (Producer),公司就要竞选董事长，眼镜部经理的演讲稿主要内容都来自太太，但还缺乏完美的表达形式，经理决定去请私人秘书丁小姐帮忙。经理将丁小姐带到一家咖啡馆，正当他准备在鸳鸯座上对丁小姐表示亲昵时，他的太太也在同一咖啡馆的另一个鸳鸯座内同某先生甜蜜相依。潇洒之后的经理回到家中，太太却因与某先生的热恋而要与他离婚，而某先生却是个骗子，其目的不过是经理太太可观的离婚费。经理竞选失败，颓然倒到了床上，还好某先生的骗局被揭穿…… 
xi ying chun,喜迎春,1949,A Happy Spring,中央电影摄影场二厂,,应云卫,吴天,魏鹤龄 / 黄宗英 / 李保罗 / 范莱 / 顾梦鹤 / 张慧灵 / 张伐 / 苏曼意 / 张雁 / 方伯,应云卫 (Producer) / 罗学濂 (Executive-Producer) / 顾温厚 (Camera) / 董克毅 (Camera) / 叶苗 (Assistant-Director) / 薛志昌 (Sound),退休校长陶仁培老伴已经去世，与儿子执中、儿媳淑华、女儿陶澄和孙子过着其乐融融的生活。执中所供职的公司经理陈怀民成为学校校董，副经理王克信成为校长，二人密谋攫取学校旁的广场地产。执中、陶澄失去工作，一家生活顿显拮据。淑华到一公司做文书，公司却是王克信所开，淑华受尽玩弄却无可奈何。校庆之日，仁培带着众人清扫广场，一批流氓却涌来强迫棚户们搬家，仁培与孙子均受殴打。执中终于反抗打倒一流氓，乘车前来的王、陈二人亦被愤怒的群众痛打。仁培告诫大家，必须团结一心去迎接美好的明天。
xi wang zai ren jian,希望在人间,1949,There is Always Hope,Kunlun Film Company,,沈浮,沈浮,蓝马 / 上官云珠 / 吴茵 / 傅伯棠 / 卫江 / 李保罗 / 张乾 / 张立德 / 董霖 / 姜祖麟 / 许兰,任宗德 (Producer) / 夏云瑚 (Producer) / 王云阶 (Music) / 郭奕耀 (Camera) / 胡振华 (Camera) / 朱今明 (Camera) / 裘葛 (Camera) / 傅正义 (Editing) / 邬廷芳 (Editing) / 牛葆荣 (Filmset) / 姚志荣 (Property) / 曹明 (Costume) / 姚永福 (Makeup) / 梁英俊 (Stage-Manager) / 郑伯璋 (Sound),“八一三”后，上海沦陷，邓教授因领导学生抗日救亡，遭叛徒李吕出卖后遭捕失踪。长子雨生与女友明华也暗中组织救亡活动，家人为打听他的下落四处奔波。一日，从奄奄一息的林伯华之妻口中得知丈夫还活着，邓妻静寰倍加思念。敌人采用引蛇出洞之诡计，释放邓教授回家，然后派特务日夜盯稍。雨生在遭敌追捕时将敌人杀死沉河，邓教授感觉事态严重安排儿子转移，不料临行前李吕带特务前来抓捕，搏斗中静寰夺枪将李吕打死。邓教授安排大家后门逃走，只身与闻讯赶来的特务周旋......
fu fu jin xing qu,夫妇进行曲,1951,The March of a Couple,Changjiang Film Studio,Added on 5/Apr/2023,洪谟,田鲁,凌之浩 / 沙莉 / 戴耘 / 韩涛 / 黄宛苏 / 谢怡冰,,解放前夕的上海，洋行职员陈启元和妻子葛丽娜过着美式的中产生活。解放军南下，葛丽娜力主离沪赴港，而他的丈夫决心留在上海。上海解放后，洋行关门，陈启元失业。经人介绍，他参加了公营机器厂，做了一名享受供给制待遇的工程师。家庭收入断绝后，丽娜无法忍受清贫的生活，遂偷偷与投机商人周浩然做起了生意，与丈夫的隔阂也越来越深。陈启元全身心地投入工作，对新社会产生了热情。而丽娜却因为周启元的被捕而在商场上一败涂地。苦闷的丽娜，在妇联大姐的帮助下，思想有了变化。她认识到了学习、劳动的价值。最后，陈启元因攻克了技术难关而受到厂里的表彰，丽娜也因为在妇联的工作受到新政权的赞扬，两人间的隔阂终于消除。一家人携手前进，为建设新中国而努力。