film,frame,pos,num_people,num_heads,geo_category,production,year,type,n_heads
The District Secretary,145,0.14132553606237816,10,20,Non-Chinese,Non-Chinese,1950,Feature,0.30303030303030304
The District Secretary,172,0.16764132553606237,12,48,Non-Chinese,Non-Chinese,1950,Feature,0.7272727272727273
The District Secretary,176,0.17153996101364521,12,40,Non-Chinese,Non-Chinese,1950,Feature,0.6060606060606061
The District Secretary,180,0.17543859649122806,13,24,Non-Chinese,Non-Chinese,1950,Feature,0.36363636363636365
The District Secretary,187,0.18226120857699804,18,27,Non-Chinese,Non-Chinese,1950,Feature,0.4090909090909091
The District Secretary,234,0.22807017543859648,11,12,Non-Chinese,Non-Chinese,1950,Feature,0.18181818181818182
The District Secretary,255,0.24853801169590642,11,17,Non-Chinese,Non-Chinese,1950,Feature,0.25757575757575757
The District Secretary,257,0.25048732943469787,12,16,Non-Chinese,Non-Chinese,1950,Feature,0.24242424242424243
The District Secretary,261,0.2543859649122807,11,20,Non-Chinese,Non-Chinese,1950,Feature,0.30303030303030304
The District Secretary,353,0.34405458089668617,12,9,Non-Chinese,Non-Chinese,1950,Feature,0.13636363636363635
The District Secretary,476,0.46393762183235865,14,32,Non-Chinese,Non-Chinese,1950,Feature,0.48484848484848486
The District Secretary,498,0.4853801169590643,15,34,Non-Chinese,Non-Chinese,1950,Feature,0.5151515151515151
The District Secretary,513,0.5,19,64,Non-Chinese,Non-Chinese,1950,Feature,0.9696969696969697
The District Secretary,514,0.5009746588693957,14,66,Non-Chinese,Non-Chinese,1950,Feature,1.0
The District Secretary,515,0.5019493177387915,15,29,Non-Chinese,Non-Chinese,1950,Feature,0.4393939393939394
The District Secretary,520,0.50682261208577,12,26,Non-Chinese,Non-Chinese,1950,Feature,0.3939393939393939
The District Secretary,557,0.5428849902534113,11,8,Non-Chinese,Non-Chinese,1950,Feature,0.12121212121212122
The District Secretary,562,0.5477582846003899,11,14,Non-Chinese,Non-Chinese,1950,Feature,0.21212121212121213
The District Secretary,647,0.6306042884990254,17,36,Non-Chinese,Non-Chinese,1950,Feature,0.5454545454545454
The District Secretary,648,0.631578947368421,16,15,Non-Chinese,Non-Chinese,1950,Feature,0.22727272727272727
The District Secretary,735,0.716374269005848,11,17,Non-Chinese,Non-Chinese,1950,Feature,0.25757575757575757
The District Secretary,817,0.7962962962962963,11,10,Non-Chinese,Non-Chinese,1950,Feature,0.15151515151515152
Pavel Korchagin,51,0.043852106620808254,12,30,Non-Chinese,Non-Chinese,1950,Feature,0.7317073170731707
Pavel Korchagin,53,0.04557179707652623,12,17,Non-Chinese,Non-Chinese,1950,Feature,0.4146341463414634
Pavel Korchagin,58,0.04987102321582115,11,41,Non-Chinese,Non-Chinese,1950,Feature,1.0
Pavel Korchagin,59,0.05073086844368014,11,41,Non-Chinese,Non-Chinese,1950,Feature,1.0
Pavel Korchagin,60,0.051590713671539126,12,36,Non-Chinese,Non-Chinese,1950,Feature,0.8780487804878049
Pavel Korchagin,197,0.16938950988822013,11,24,Non-Chinese,Non-Chinese,1950,Feature,0.5853658536585366
Pavel Korchagin,203,0.17454858125537404,12,25,Non-Chinese,Non-Chinese,1950,Feature,0.6097560975609756
Pavel Korchagin,206,0.177128116938951,12,21,Non-Chinese,Non-Chinese,1950,Feature,0.5121951219512195
Pavel Korchagin,209,0.17970765262252794,17,40,Non-Chinese,Non-Chinese,1950,Feature,0.975609756097561
Pavel Korchagin,217,0.18658641444539983,14,14,Non-Chinese,Non-Chinese,1950,Feature,0.34146341463414637
Pavel Korchagin,227,0.1951848667239897,16,10,Non-Chinese,Non-Chinese,1950,Feature,0.24390243902439024
Pavel Korchagin,241,0.20722269991401548,11,15,Non-Chinese,Non-Chinese,1950,Feature,0.36585365853658536
Pavel Korchagin,309,0.2656921754084265,11,22,Non-Chinese,Non-Chinese,1950,Feature,0.5365853658536586
Pavel Korchagin,311,0.26741186586414445,12,23,Non-Chinese,Non-Chinese,1950,Feature,0.5609756097560976
Pavel Korchagin,360,0.30954428202923473,12,14,Non-Chinese,Non-Chinese,1950,Feature,0.34146341463414637
Pavel Korchagin,462,0.39724849527085127,13,19,Non-Chinese,Non-Chinese,1950,Feature,0.4634146341463415
Pavel Korchagin,903,0.7764402407566638,12,15,Non-Chinese,Non-Chinese,1950,Feature,0.36585365853658536
Pavel Korchagin,909,0.7815993121238177,17,25,Non-Chinese,Non-Chinese,1950,Feature,0.6097560975609756
Pavel Korchagin,910,0.7824591573516767,16,33,Non-Chinese,Non-Chinese,1950,Feature,0.8048780487804879
Pavel Korchagin,933,0.8022355975924333,11,18,Non-Chinese,Non-Chinese,1950,Feature,0.43902439024390244
Pavel Korchagin,939,0.8073946689595872,13,33,Non-Chinese,Non-Chinese,1950,Feature,0.8048780487804879
Pavel Korchagin,943,0.8108340498710233,16,20,Non-Chinese,Non-Chinese,1950,Feature,0.4878048780487805
Pavel Korchagin,944,0.8116938950988822,15,19,Non-Chinese,Non-Chinese,1950,Feature,0.4634146341463415
Pavel Korchagin,945,0.8125537403267412,16,22,Non-Chinese,Non-Chinese,1950,Feature,0.5365853658536586
Pavel Korchagin,990,0.8512467755803955,12,36,Non-Chinese,Non-Chinese,1950,Feature,0.8780487804878049
Pavel Korchagin,1003,0.8624247635425624,12,22,Non-Chinese,Non-Chinese,1950,Feature,0.5365853658536586
Brave People,180,0.15477214101461736,15,29,Non-Chinese,Non-Chinese,1950,Feature,0.31521739130434784
Brave People,195,0.16766981943250214,11,9,Non-Chinese,Non-Chinese,1950,Feature,0.09782608695652174
Brave People,199,0.1711092003439381,12,13,Non-Chinese,Non-Chinese,1950,Feature,0.14130434782608695
Brave People,201,0.17282889079965605,18,21,Non-Chinese,Non-Chinese,1950,Feature,0.22826086956521738
Brave People,205,0.176268271711092,13,14,Non-Chinese,Non-Chinese,1950,Feature,0.15217391304347827
Brave People,257,0.22098022355975924,13,23,Non-Chinese,Non-Chinese,1950,Feature,0.25
Brave People,259,0.2226999140154772,13,21,Non-Chinese,Non-Chinese,1950,Feature,0.22826086956521738
Brave People,266,0.22871883061049011,14,26,Non-Chinese,Non-Chinese,1950,Feature,0.2826086956521739
Brave People,365,0.3138435081685297,13,13,Non-Chinese,Non-Chinese,1950,Feature,0.14130434782608695
Brave People,993,0.8538263112639725,14,27,Non-Chinese,Non-Chinese,1950,Feature,0.29347826086956524
Brave People,998,0.8581255374032674,13,19,Non-Chinese,Non-Chinese,1950,Feature,0.20652173913043478
Brave People,1065,0.9157351676698194,12,14,Non-Chinese,Non-Chinese,1950,Feature,0.15217391304347827
Brave People,1091,0.938091143594153,11,10,Non-Chinese,Non-Chinese,1950,Feature,0.10869565217391304
Brave People,1127,0.9690455717970765,12,92,Non-Chinese,Non-Chinese,1950,Feature,1.0
Brave People,1129,0.9707652622527945,12,32,Non-Chinese,Non-Chinese,1950,Feature,0.34782608695652173
Brave People,1141,0.9810834049871023,13,12,Non-Chinese,Non-Chinese,1950,Feature,0.13043478260869565
Brave People,1146,0.9853826311263972,11,13,Non-Chinese,Non-Chinese,1950,Feature,0.14130434782608695
Brave People,1148,0.9871023215821152,11,46,Non-Chinese,Non-Chinese,1950,Feature,0.5
Brave People,1153,0.9914015477214101,13,40,Non-Chinese,Non-Chinese,1950,Feature,0.43478260869565216
Brave People,1157,0.9948409286328461,13,40,Non-Chinese,Non-Chinese,1950,Feature,0.43478260869565216
Prologue,44,0.03672787979966611,14,11,Non-Chinese,Non-Chinese,1950,Feature,0.2391304347826087
Prologue,140,0.11686143572621036,11,21,Non-Chinese,Non-Chinese,1950,Feature,0.45652173913043476
Prologue,258,0.21535893155258765,11,12,Non-Chinese,Non-Chinese,1950,Feature,0.2608695652173913
Prologue,261,0.21786310517529214,11,12,Non-Chinese,Non-Chinese,1950,Feature,0.2608695652173913
Prologue,262,0.21869782971619364,12,12,Non-Chinese,Non-Chinese,1950,Feature,0.2608695652173913
Prologue,409,0.34140233722871455,12,17,Non-Chinese,Non-Chinese,1950,Feature,0.3695652173913043
Prologue,498,0.41569282136894825,12,11,Non-Chinese,Non-Chinese,1950,Feature,0.2391304347826087
Prologue,504,0.42070116861435725,12,20,Non-Chinese,Non-Chinese,1950,Feature,0.43478260869565216
Prologue,505,0.42153589315525875,11,12,Non-Chinese,Non-Chinese,1950,Feature,0.2608695652173913
Prologue,617,0.5150250417362271,11,22,Non-Chinese,Non-Chinese,1950,Feature,0.4782608695652174
Prologue,802,0.669449081803005,13,46,Non-Chinese,Non-Chinese,1950,Feature,1.0
Prologue,811,0.6769616026711185,12,34,Non-Chinese,Non-Chinese,1950,Feature,0.7391304347826086
Prologue,985,0.82220367278798,14,13,Non-Chinese,Non-Chinese,1950,Feature,0.2826086956521739
Prologue,986,0.8230383973288815,13,12,Non-Chinese,Non-Chinese,1950,Feature,0.2608695652173913
Prologue,988,0.8247078464106845,12,9,Non-Chinese,Non-Chinese,1950,Feature,0.1956521739130435
Carnival Night,74,0.08545034642032333,16,20,Non-Chinese,Non-Chinese,1950,Feature,0.11627906976744186
Carnival Night,75,0.08660508083140878,14,21,Non-Chinese,Non-Chinese,1950,Feature,0.12209302325581395
Carnival Night,76,0.08775981524249422,14,21,Non-Chinese,Non-Chinese,1950,Feature,0.12209302325581395
Carnival Night,77,0.08891454965357967,13,16,Non-Chinese,Non-Chinese,1950,Feature,0.09302325581395349
Carnival Night,130,0.15011547344110854,13,13,Non-Chinese,Non-Chinese,1950,Feature,0.0755813953488372
Carnival Night,132,0.15242494226327943,11,10,Non-Chinese,Non-Chinese,1950,Feature,0.05813953488372093
Carnival Night,133,0.1535796766743649,12,10,Non-Chinese,Non-Chinese,1950,Feature,0.05813953488372093
Carnival Night,134,0.15473441108545036,16,22,Non-Chinese,Non-Chinese,1950,Feature,0.12790697674418605
Carnival Night,135,0.1558891454965358,16,21,Non-Chinese,Non-Chinese,1950,Feature,0.12209302325581395
Carnival Night,136,0.15704387990762125,11,19,Non-Chinese,Non-Chinese,1950,Feature,0.11046511627906977
Carnival Night,137,0.1581986143187067,14,16,Non-Chinese,Non-Chinese,1950,Feature,0.09302325581395349
Carnival Night,138,0.15935334872979215,13,14,Non-Chinese,Non-Chinese,1950,Feature,0.08139534883720931
Carnival Night,139,0.1605080831408776,12,20,Non-Chinese,Non-Chinese,1950,Feature,0.11627906976744186
Carnival Night,140,0.16166281755196305,12,14,Non-Chinese,Non-Chinese,1950,Feature,0.08139534883720931
Carnival Night,141,0.1628175519630485,11,16,Non-Chinese,Non-Chinese,1950,Feature,0.09302325581395349
Carnival Night,143,0.1651270207852194,16,27,Non-Chinese,Non-Chinese,1950,Feature,0.1569767441860465
Carnival Night,144,0.16628175519630484,16,24,Non-Chinese,Non-Chinese,1950,Feature,0.13953488372093023
Carnival Night,174,0.20092378752886836,13,12,Non-Chinese,Non-Chinese,1950,Feature,0.06976744186046512
Carnival Night,176,0.20323325635103925,12,12,Non-Chinese,Non-Chinese,1950,Feature,0.06976744186046512
Carnival Night,177,0.20438799076212472,14,31,Non-Chinese,Non-Chinese,1950,Feature,0.18023255813953487
Carnival Night,180,0.20785219399538107,12,8,Non-Chinese,Non-Chinese,1950,Feature,0.046511627906976744
Carnival Night,181,0.2090069284064665,14,37,Non-Chinese,Non-Chinese,1950,Feature,0.21511627906976744
Carnival Night,187,0.21593533487297922,19,32,Non-Chinese,Non-Chinese,1950,Feature,0.18604651162790697
Carnival Night,191,0.22055427251732102,11,14,Non-Chinese,Non-Chinese,1950,Feature,0.08139534883720931
Carnival Night,192,0.22170900692840648,14,37,Non-Chinese,Non-Chinese,1950,Feature,0.21511627906976744
Carnival Night,193,0.2228637413394919,14,36,Non-Chinese,Non-Chinese,1950,Feature,0.20930232558139536
Carnival Night,344,0.3972286374133949,14,11,Non-Chinese,Non-Chinese,1950,Feature,0.06395348837209303
Carnival Night,396,0.45727482678983833,12,27,Non-Chinese,Non-Chinese,1950,Feature,0.1569767441860465
Carnival Night,399,0.4607390300230947,11,23,Non-Chinese,Non-Chinese,1950,Feature,0.13372093023255813
Carnival Night,442,0.5103926096997691,11,15,Non-Chinese,Non-Chinese,1950,Feature,0.0872093023255814
Carnival Night,445,0.5138568129330254,11,12,Non-Chinese,Non-Chinese,1950,Feature,0.06976744186046512
Carnival Night,447,0.5161662817551963,12,10,Non-Chinese,Non-Chinese,1950,Feature,0.05813953488372093
Carnival Night,452,0.5219399538106235,11,53,Non-Chinese,Non-Chinese,1950,Feature,0.3081395348837209
Carnival Night,464,0.535796766743649,13,14,Non-Chinese,Non-Chinese,1950,Feature,0.08139534883720931
Carnival Night,466,0.5381062355658198,13,20,Non-Chinese,Non-Chinese,1950,Feature,0.11627906976744186
Carnival Night,467,0.5392609699769053,12,16,Non-Chinese,Non-Chinese,1950,Feature,0.09302325581395349
Carnival Night,470,0.5427251732101617,15,18,Non-Chinese,Non-Chinese,1950,Feature,0.10465116279069768
Carnival Night,475,0.5484988452655889,12,21,Non-Chinese,Non-Chinese,1950,Feature,0.12209302325581395
Carnival Night,476,0.5496535796766744,12,18,Non-Chinese,Non-Chinese,1950,Feature,0.10465116279069768
Carnival Night,478,0.5519630484988453,15,19,Non-Chinese,Non-Chinese,1950,Feature,0.11046511627906977
Carnival Night,480,0.5542725173210161,11,15,Non-Chinese,Non-Chinese,1950,Feature,0.0872093023255814
Carnival Night,482,0.5565819861431871,14,20,Non-Chinese,Non-Chinese,1950,Feature,0.11627906976744186
Carnival Night,483,0.5577367205542725,11,34,Non-Chinese,Non-Chinese,1950,Feature,0.19767441860465115
Carnival Night,485,0.5600461893764435,12,22,Non-Chinese,Non-Chinese,1950,Feature,0.12790697674418605
Carnival Night,486,0.5612009237875288,12,20,Non-Chinese,Non-Chinese,1950,Feature,0.11627906976744186
Carnival Night,487,0.5623556581986143,11,25,Non-Chinese,Non-Chinese,1950,Feature,0.14534883720930233
Carnival Night,489,0.5646651270207852,12,22,Non-Chinese,Non-Chinese,1950,Feature,0.12790697674418605
Carnival Night,502,0.5796766743648961,11,12,Non-Chinese,Non-Chinese,1950,Feature,0.06976744186046512
Carnival Night,547,0.6316397228637414,11,41,Non-Chinese,Non-Chinese,1950,Feature,0.23837209302325582
Carnival Night,553,0.6385681293302541,12,14,Non-Chinese,Non-Chinese,1950,Feature,0.08139534883720931
Carnival Night,574,0.6628175519630485,13,15,Non-Chinese,Non-Chinese,1950,Feature,0.0872093023255814
Carnival Night,577,0.6662817551963048,12,16,Non-Chinese,Non-Chinese,1950,Feature,0.09302325581395349
Carnival Night,601,0.6939953810623557,16,28,Non-Chinese,Non-Chinese,1950,Feature,0.16279069767441862
Carnival Night,602,0.6951501154734411,13,19,Non-Chinese,Non-Chinese,1950,Feature,0.11046511627906977
Carnival Night,603,0.6963048498845266,19,31,Non-Chinese,Non-Chinese,1950,Feature,0.18023255813953487
Carnival Night,607,0.7009237875288684,12,17,Non-Chinese,Non-Chinese,1950,Feature,0.09883720930232558
Carnival Night,612,0.7066974595842956,15,35,Non-Chinese,Non-Chinese,1950,Feature,0.20348837209302326
Carnival Night,615,0.710161662817552,12,23,Non-Chinese,Non-Chinese,1950,Feature,0.13372093023255813
Carnival Night,623,0.7193995381062356,13,17,Non-Chinese,Non-Chinese,1950,Feature,0.09883720930232558
Carnival Night,624,0.7205542725173211,11,17,Non-Chinese,Non-Chinese,1950,Feature,0.09883720930232558
Carnival Night,626,0.7228637413394919,11,20,Non-Chinese,Non-Chinese,1950,Feature,0.11627906976744186
Carnival Night,627,0.7240184757505773,11,18,Non-Chinese,Non-Chinese,1950,Feature,0.10465116279069768
Carnival Night,630,0.7274826789838337,14,24,Non-Chinese,Non-Chinese,1950,Feature,0.13953488372093023
Carnival Night,642,0.7413394919168591,11,21,Non-Chinese,Non-Chinese,1950,Feature,0.12209302325581395
Carnival Night,650,0.7505773672055427,11,15,Non-Chinese,Non-Chinese,1950,Feature,0.0872093023255814
Carnival Night,653,0.754041570438799,12,65,Non-Chinese,Non-Chinese,1950,Feature,0.37790697674418605
Carnival Night,655,0.75635103926097,11,55,Non-Chinese,Non-Chinese,1950,Feature,0.31976744186046513
Carnival Night,664,0.766743648960739,11,57,Non-Chinese,Non-Chinese,1950,Feature,0.3313953488372093
Carnival Night,666,0.76905311778291,16,25,Non-Chinese,Non-Chinese,1950,Feature,0.14534883720930233
Carnival Night,668,0.7713625866050808,12,25,Non-Chinese,Non-Chinese,1950,Feature,0.14534883720930233
Carnival Night,669,0.7725173210161663,13,26,Non-Chinese,Non-Chinese,1950,Feature,0.1511627906976744
Carnival Night,696,0.8036951501154734,12,9,Non-Chinese,Non-Chinese,1950,Feature,0.05232558139534884
Carnival Night,718,0.8290993071593533,11,51,Non-Chinese,Non-Chinese,1950,Feature,0.29651162790697677
Carnival Night,719,0.8302540415704388,11,53,Non-Chinese,Non-Chinese,1950,Feature,0.3081395348837209
Carnival Night,723,0.8348729792147807,12,18,Non-Chinese,Non-Chinese,1950,Feature,0.10465116279069768
Carnival Night,729,0.8418013856812933,11,13,Non-Chinese,Non-Chinese,1950,Feature,0.0755813953488372
Carnival Night,735,0.848729792147806,16,17,Non-Chinese,Non-Chinese,1950,Feature,0.09883720930232558
Carnival Night,738,0.8521939953810623,12,19,Non-Chinese,Non-Chinese,1950,Feature,0.11046511627906977
Carnival Night,742,0.8568129330254042,12,13,Non-Chinese,Non-Chinese,1950,Feature,0.0755813953488372
Carnival Night,755,0.871824480369515,12,10,Non-Chinese,Non-Chinese,1950,Feature,0.05813953488372093
Carnival Night,756,0.8729792147806005,11,10,Non-Chinese,Non-Chinese,1950,Feature,0.05813953488372093
Carnival Night,760,0.8775981524249422,14,47,Non-Chinese,Non-Chinese,1950,Feature,0.27325581395348836
Carnival Night,768,0.8868360277136259,13,19,Non-Chinese,Non-Chinese,1950,Feature,0.11046511627906977
Carnival Night,780,0.9006928406466512,12,18,Non-Chinese,Non-Chinese,1950,Feature,0.10465116279069768
Carnival Night,781,0.9018475750577367,11,19,Non-Chinese,Non-Chinese,1950,Feature,0.11046511627906977
Carnival Night,783,0.9041570438799076,12,18,Non-Chinese,Non-Chinese,1950,Feature,0.10465116279069768
Carnival Night,784,0.9053117782909931,17,17,Non-Chinese,Non-Chinese,1950,Feature,0.09883720930232558
Carnival Night,788,0.9099307159353349,12,19,Non-Chinese,Non-Chinese,1950,Feature,0.11046511627906977
Carnival Night,789,0.9110854503464203,13,20,Non-Chinese,Non-Chinese,1950,Feature,0.11627906976744186
Carnival Night,793,0.9157043879907621,13,10,Non-Chinese,Non-Chinese,1950,Feature,0.05813953488372093
Carnival Night,800,0.9237875288683602,15,19,Non-Chinese,Non-Chinese,1950,Feature,0.11046511627906977
Carnival Night,801,0.9249422632794457,18,17,Non-Chinese,Non-Chinese,1950,Feature,0.09883720930232558
Carnival Night,802,0.9260969976905312,15,17,Non-Chinese,Non-Chinese,1950,Feature,0.09883720930232558
Carnival Night,803,0.9272517321016166,17,17,Non-Chinese,Non-Chinese,1950,Feature,0.09883720930232558
Carnival Night,804,0.9284064665127021,12,16,Non-Chinese,Non-Chinese,1950,Feature,0.09302325581395349
Carnival Night,806,0.930715935334873,12,9,Non-Chinese,Non-Chinese,1950,Feature,0.05232558139534884
Carnival Night,811,0.9364896073903002,11,160,Non-Chinese,Non-Chinese,1950,Feature,0.9302325581395349
Carnival Night,812,0.9376443418013857,11,13,Non-Chinese,Non-Chinese,1950,Feature,0.0755813953488372
Carnival Night,837,0.9665127020785219,12,86,Non-Chinese,Non-Chinese,1950,Feature,0.5
Carnival Night,860,0.9930715935334873,11,172,Non-Chinese,Non-Chinese,1950,Feature,1.0
A Dream of Cossack,84,0.06614173228346457,11,34,Non-Chinese,Non-Chinese,1950,Feature,0.41975308641975306
A Dream of Cossack,85,0.06692913385826772,12,25,Non-Chinese,Non-Chinese,1950,Feature,0.30864197530864196
A Dream of Cossack,314,0.247244094488189,13,81,Non-Chinese,Non-Chinese,1950,Feature,1.0
A Dream of Cossack,316,0.24881889763779527,11,20,Non-Chinese,Non-Chinese,1950,Feature,0.24691358024691357
A Dream of Cossack,319,0.2511811023622047,12,51,Non-Chinese,Non-Chinese,1950,Feature,0.6296296296296297
A Dream of Cossack,320,0.25196850393700787,13,39,Non-Chinese,Non-Chinese,1950,Feature,0.48148148148148145
A Dream of Cossack,321,0.25275590551181104,13,56,Non-Chinese,Non-Chinese,1950,Feature,0.691358024691358
A Dream of Cossack,322,0.25354330708661416,13,52,Non-Chinese,Non-Chinese,1950,Feature,0.6419753086419753
A Dream of Cossack,324,0.2551181102362205,11,11,Non-Chinese,Non-Chinese,1950,Feature,0.13580246913580246
A Dream of Cossack,332,0.2614173228346457,14,20,Non-Chinese,Non-Chinese,1950,Feature,0.24691358024691357
A Dream of Cossack,336,0.26456692913385826,13,15,Non-Chinese,Non-Chinese,1950,Feature,0.18518518518518517
A Dream of Cossack,337,0.26535433070866143,12,16,Non-Chinese,Non-Chinese,1950,Feature,0.19753086419753085
A Dream of Cossack,340,0.2677165354330709,14,15,Non-Chinese,Non-Chinese,1950,Feature,0.18518518518518517
A Dream of Cossack,343,0.2700787401574803,11,17,Non-Chinese,Non-Chinese,1950,Feature,0.20987654320987653
A Dream of Cossack,572,0.4503937007874016,15,16,Non-Chinese,Non-Chinese,1950,Feature,0.19753086419753085
A Dream of Cossack,573,0.4511811023622047,12,17,Non-Chinese,Non-Chinese,1950,Feature,0.20987654320987653
A Dream of Cossack,604,0.4755905511811024,15,21,Non-Chinese,Non-Chinese,1950,Feature,0.25925925925925924
A Dream of Cossack,605,0.4763779527559055,16,22,Non-Chinese,Non-Chinese,1950,Feature,0.2716049382716049
A Dream of Cossack,606,0.47716535433070867,17,19,Non-Chinese,Non-Chinese,1950,Feature,0.2345679012345679
A Dream of Cossack,607,0.4779527559055118,15,14,Non-Chinese,Non-Chinese,1950,Feature,0.1728395061728395
A Dream of Cossack,608,0.47874015748031495,13,14,Non-Chinese,Non-Chinese,1950,Feature,0.1728395061728395
A Dream of Cossack,609,0.4795275590551181,13,17,Non-Chinese,Non-Chinese,1950,Feature,0.20987654320987653
A Dream of Cossack,610,0.48031496062992124,17,51,Non-Chinese,Non-Chinese,1950,Feature,0.6296296296296297
A Dream of Cossack,611,0.4811023622047244,11,38,Non-Chinese,Non-Chinese,1950,Feature,0.4691358024691358
A Dream of Cossack,612,0.4818897637795276,12,58,Non-Chinese,Non-Chinese,1950,Feature,0.7160493827160493
A Dream of Cossack,613,0.4826771653543307,11,59,Non-Chinese,Non-Chinese,1950,Feature,0.7283950617283951
A Dream of Cossack,614,0.48346456692913387,11,37,Non-Chinese,Non-Chinese,1950,Feature,0.4567901234567901
A Dream of Cossack,616,0.48503937007874015,15,49,Non-Chinese,Non-Chinese,1950,Feature,0.6049382716049383
A Dream of Cossack,618,0.48661417322834644,20,31,Non-Chinese,Non-Chinese,1950,Feature,0.38271604938271603
A Dream of Cossack,620,0.4881889763779528,12,26,Non-Chinese,Non-Chinese,1950,Feature,0.32098765432098764
A Dream of Cossack,621,0.4889763779527559,13,48,Non-Chinese,Non-Chinese,1950,Feature,0.5925925925925926
A Dream of Cossack,630,0.49606299212598426,13,13,Non-Chinese,Non-Chinese,1950,Feature,0.16049382716049382
A Dream of Cossack,687,0.5409448818897638,14,29,Non-Chinese,Non-Chinese,1950,Feature,0.35802469135802467
A Dream of Cossack,689,0.5425196850393701,14,18,Non-Chinese,Non-Chinese,1950,Feature,0.2222222222222222
A Dream of Cossack,690,0.5433070866141733,11,11,Non-Chinese,Non-Chinese,1950,Feature,0.13580246913580246
A Dream of Cossack,692,0.5448818897637795,12,11,Non-Chinese,Non-Chinese,1950,Feature,0.13580246913580246
A Dream of Cossack,693,0.5456692913385827,14,9,Non-Chinese,Non-Chinese,1950,Feature,0.1111111111111111
A Dream of Cossack,695,0.547244094488189,12,17,Non-Chinese,Non-Chinese,1950,Feature,0.20987654320987653
A Dream of Cossack,696,0.5480314960629922,14,14,Non-Chinese,Non-Chinese,1950,Feature,0.1728395061728395
A Dream of Cossack,697,0.5488188976377952,14,12,Non-Chinese,Non-Chinese,1950,Feature,0.14814814814814814
A Dream of Cossack,699,0.5503937007874016,11,9,Non-Chinese,Non-Chinese,1950,Feature,0.1111111111111111
A Dream of Cossack,700,0.5511811023622047,12,15,Non-Chinese,Non-Chinese,1950,Feature,0.18518518518518517
A Dream of Cossack,701,0.5519685039370079,11,16,Non-Chinese,Non-Chinese,1950,Feature,0.19753086419753085
A Dream of Cossack,702,0.552755905511811,11,13,Non-Chinese,Non-Chinese,1950,Feature,0.16049382716049382
A Dream of Cossack,880,0.6929133858267716,11,14,Non-Chinese,Non-Chinese,1950,Feature,0.1728395061728395
A Dream of Cossack,881,0.6937007874015748,12,18,Non-Chinese,Non-Chinese,1950,Feature,0.2222222222222222
A Dream of Cossack,882,0.694488188976378,11,15,Non-Chinese,Non-Chinese,1950,Feature,0.18518518518518517
A Dream of Cossack,912,0.7181102362204724,12,12,Non-Chinese,Non-Chinese,1950,Feature,0.14814814814814814
A Dream of Cossack,913,0.7188976377952756,13,13,Non-Chinese,Non-Chinese,1950,Feature,0.16049382716049382
A Dream of Cossack,915,0.7204724409448819,14,12,Non-Chinese,Non-Chinese,1950,Feature,0.14814814814814814
A Dream of Cossack,917,0.7220472440944882,11,9,Non-Chinese,Non-Chinese,1950,Feature,0.1111111111111111
A Dream of Cossack,928,0.7307086614173228,13,12,Non-Chinese,Non-Chinese,1950,Feature,0.14814814814814814
A Dream of Cossack,930,0.7322834645669292,16,13,Non-Chinese,Non-Chinese,1950,Feature,0.16049382716049382
A Dream of Cossack,931,0.7330708661417323,15,13,Non-Chinese,Non-Chinese,1950,Feature,0.16049382716049382
A Dream of Cossack,975,0.7677165354330708,11,39,Non-Chinese,Non-Chinese,1950,Feature,0.48148148148148145
A Dream of Cossack,976,0.768503937007874,12,58,Non-Chinese,Non-Chinese,1950,Feature,0.7160493827160493
A Dream of Cossack,1033,0.8133858267716535,14,21,Non-Chinese,Non-Chinese,1950,Feature,0.25925925925925924
A Dream of Cossack,1034,0.8141732283464567,14,16,Non-Chinese,Non-Chinese,1950,Feature,0.19753086419753085
A Dream of Cossack,1035,0.8149606299212598,12,16,Non-Chinese,Non-Chinese,1950,Feature,0.19753086419753085
A Dream of Cossack,1036,0.815748031496063,12,14,Non-Chinese,Non-Chinese,1950,Feature,0.1728395061728395
A Dream of Cossack,1037,0.8165354330708662,14,14,Non-Chinese,Non-Chinese,1950,Feature,0.1728395061728395
A Dream of Cossack,1038,0.8173228346456692,15,17,Non-Chinese,Non-Chinese,1950,Feature,0.20987654320987653
A Dream of Cossack,1039,0.8181102362204724,15,17,Non-Chinese,Non-Chinese,1950,Feature,0.20987654320987653
A Dream of Cossack,1040,0.8188976377952756,13,14,Non-Chinese,Non-Chinese,1950,Feature,0.1728395061728395
A Dream of Cossack,1041,0.8196850393700787,13,16,Non-Chinese,Non-Chinese,1950,Feature,0.19753086419753085
A Dream of Cossack,1042,0.8204724409448819,11,13,Non-Chinese,Non-Chinese,1950,Feature,0.16049382716049382
A Dream of Cossack,1044,0.8220472440944881,13,15,Non-Chinese,Non-Chinese,1950,Feature,0.18518518518518517
A Dream of Cossack,1047,0.8244094488188977,14,19,Non-Chinese,Non-Chinese,1950,Feature,0.2345679012345679
A Dream of Cossack,1048,0.8251968503937008,17,36,Non-Chinese,Non-Chinese,1950,Feature,0.4444444444444444
A Dream of Cossack,1049,0.8259842519685039,19,35,Non-Chinese,Non-Chinese,1950,Feature,0.43209876543209874
A Dream of Cossack,1050,0.8267716535433071,12,27,Non-Chinese,Non-Chinese,1950,Feature,0.3333333333333333
A Dream of Cossack,1052,0.8283464566929134,14,19,Non-Chinese,Non-Chinese,1950,Feature,0.2345679012345679
A Dream of Cossack,1055,0.8307086614173228,11,14,Non-Chinese,Non-Chinese,1950,Feature,0.1728395061728395
A Dream of Cossack,1103,0.868503937007874,11,30,Non-Chinese,Non-Chinese,1950,Feature,0.37037037037037035
A Dream of Cossack,1107,0.8716535433070867,11,9,Non-Chinese,Non-Chinese,1950,Feature,0.1111111111111111
A Dream of Cossack,1111,0.8748031496062992,12,36,Non-Chinese,Non-Chinese,1950,Feature,0.4444444444444444
A Dream of Cossack,1113,0.8763779527559055,13,19,Non-Chinese,Non-Chinese,1950,Feature,0.2345679012345679
A Dream of Cossack,1118,0.8803149606299212,11,13,Non-Chinese,Non-Chinese,1950,Feature,0.16049382716049382
A Dream of Cossack,1119,0.8811023622047244,15,18,Non-Chinese,Non-Chinese,1950,Feature,0.2222222222222222
A Dream of Cossack,1120,0.8818897637795275,13,12,Non-Chinese,Non-Chinese,1950,Feature,0.14814814814814814
A Dream of Cossack,1121,0.8826771653543307,12,18,Non-Chinese,Non-Chinese,1950,Feature,0.2222222222222222
A Dream of Cossack,1122,0.8834645669291339,13,14,Non-Chinese,Non-Chinese,1950,Feature,0.1728395061728395
A Dream of Cossack,1125,0.8858267716535433,11,52,Non-Chinese,Non-Chinese,1950,Feature,0.6419753086419753
A Dream of Cossack,1133,0.8921259842519685,11,17,Non-Chinese,Non-Chinese,1950,Feature,0.20987654320987653
A Dream of Cossack,1146,0.9023622047244094,16,20,Non-Chinese,Non-Chinese,1950,Feature,0.24691358024691357
A Dream of Cossack,1147,0.9031496062992126,13,25,Non-Chinese,Non-Chinese,1950,Feature,0.30864197530864196
A Dream of Cossack,1148,0.9039370078740158,13,25,Non-Chinese,Non-Chinese,1950,Feature,0.30864197530864196
A Dream of Cossack,1149,0.9047244094488189,15,22,Non-Chinese,Non-Chinese,1950,Feature,0.2716049382716049
A Dream of Cossack,1150,0.905511811023622,12,14,Non-Chinese,Non-Chinese,1950,Feature,0.1728395061728395
A Dream of Cossack,1151,0.9062992125984252,14,24,Non-Chinese,Non-Chinese,1950,Feature,0.2962962962962963
A Dream of Cossack,1152,0.9070866141732283,11,15,Non-Chinese,Non-Chinese,1950,Feature,0.18518518518518517
A Dream of Cossack,1153,0.9078740157480315,11,29,Non-Chinese,Non-Chinese,1950,Feature,0.35802469135802467
A Dream of Cossack,1154,0.9086614173228347,11,23,Non-Chinese,Non-Chinese,1950,Feature,0.2839506172839506
A Dream of Cossack,1159,0.9125984251968504,11,17,Non-Chinese,Non-Chinese,1950,Feature,0.20987654320987653
A Dream of Cossack,1160,0.9133858267716536,12,17,Non-Chinese,Non-Chinese,1950,Feature,0.20987654320987653
A Dream of Cossack,1166,0.9181102362204724,16,11,Non-Chinese,Non-Chinese,1950,Feature,0.13580246913580246
A Dream of Cossack,1171,0.9220472440944882,12,33,Non-Chinese,Non-Chinese,1950,Feature,0.4074074074074074
A Dream of Cossack,1173,0.9236220472440945,11,41,Non-Chinese,Non-Chinese,1950,Feature,0.5061728395061729
A Dream of Cossack,1175,0.9251968503937008,11,25,Non-Chinese,Non-Chinese,1950,Feature,0.30864197530864196
A Dream of Cossack,1176,0.925984251968504,15,28,Non-Chinese,Non-Chinese,1950,Feature,0.345679012345679
A Dream of Cossack,1179,0.9283464566929134,11,46,Non-Chinese,Non-Chinese,1950,Feature,0.5679012345679012
