ye lai feng yu sheng,新时代影业公司 (Hong Kong),Shanghai (private)
sen lin da xue an,中企影艺社,Shanghai (private)
han shan si zhong sheng,中企影艺社,Shanghai (private)
nian nian ru yi,华光影业制片厂,Shanghai (private)
tong xin jie,嘉年影业公司,Shanghai (private)
e ren xing,嘉年影业公司,Shanghai (private)
nv er chun,Datong Film Company,Shanghai (private)
ren shou zhi jian,嘉年影业公司,Shanghai (private)
ren zai wu yan xia,华侨影业公司 (Hong Kong),Shanghai (private)
nv da heng,黎明影业公司,Shanghai (private)
tai ping qiao de nu chao,新中华影业公司,Shanghai (private)
jiang cun you xia zhuan,新中华影业公司,Shanghai (private)
da jia huan xi,新中华影业公司,Shanghai (private)
huan nan fu qi,Da Guangming Film Company,Shanghai (private)
hun yan da shi,惠昌商务有限公司,Shanghai (private)
san bai liu shi hang,Da Guangming Film Company,Shanghai (private)
shuo huang de zhang fu,东华影业公司,Shanghai (private)
yin yang jie,东华影业公司,Shanghai (private)
shi liu hong,中国五彩电影实验工场,Shanghai (private)
zhi bu guo shi ai qing,中国五彩电影实验工场,Shanghai (private)
da lei yu,远东影业公司,Shanghai (private)
ye ying qu,雷电影业公司,Shanghai (private)
shi li chuan jia,Da Guangming Film Company,Shanghai (private)
ying mi zhuan,Datong Film Company,Shanghai (private)
zi you tian di,Datong Film Company,Shanghai (private)
tai tai wen ti,Guotai Film Company,Shanghai (private)
huan tian xi di,Datong Film Company,Shanghai (private)
die lian hua,Datong Film Company,Shanghai (private)
wang chuan qiu shui,Datong Film Company,Shanghai (private)
shi qu de ai qing,Datong Film Company,Shanghai (private)
yi xiang tian kai,Guotai Film Company,Shanghai (private)
nv zei,嘉华影业公司,Shanghai (private)
wan huo de nv ren,大华电影企业公司,Shanghai (private)
sheng ming jiao xiang qu,Guotai Film Company,Shanghai (private)
yue ju jing hua,Wenhua Film Company,Shanghai (private)
xun meng ji,中央电影摄影场一厂,Shanghai (state)
shi er xiao shi de qi ji,Guotai Film Company,Shanghai (private)
xi ying chun,中央电影摄影场二厂,Shanghai (state)
xi wang zai ren jian,Kunlun Film Company,Shanghai (private)
qiao,Northeast Film Studio,Northeast
hui dao zi ji dui wu lai,Northeast Film Studio,Northeast
guang mang wan zhang,Northeast Film Studio,Northeast
zhong hua nv er,Northeast Film Studio,Northeast
bai yi zhan shi,Northeast Film Studio,Northeast
wu xing de zhan xian,Northeast Film Studio,Northeast
biao,Wenhua Film Company,Shanghai (private)
er bai wu xiao zhuan,Datong Film Company,Shanghai (private)
wu ya yu ma que,Kunlun Film Company,Shanghai (private)
san mao liu lang ji,Kunlun Film Company,Shanghai (private)
zhao yi man,Northeast Film Studio,Northeast
guang rong ren jia,Northeast Film Studio,Northeast
wei guo bao jia,Northeast Film Studio,Northeast
hong qi ge,Northeast Film Studio,Northeast
gang tie zhan shi,Northeast Film Studio,Northeast
gao ge meng jin,Northeast Film Studio,Northeast
liu hu lan,Northeast Film Studio,Northeast
liao yuan de xiang cun,Northeast Film Studio,Northeast
nei meng ren min de sheng li,Northeast Film Studio,Northeast
bai mao nv,Northeast Film Studio,Northeast
ren min de zhan shi,Northeast Film Studio,Northeast
bao wei sheng li guo shi,Northeast Film Studio,Northeast
zai qian jin de dao lu shang,Northeast Film Studio,Northeast
lv liang ying xiong,Beijing Film Studio,Beijing
gui shen bu ling,Beijing Film Studio,Beijing
min zhu qing nian jin xing qu,Beijing Film Studio,Beijing
er nv qin shi,Beijing Film Studio,Beijing
he ping bao wei zhe,Beijing Film Studio,Beijing
nong jia le,Shanghai Film Studio,Shanghai (state)
da di chong guang,Shanghai Film Studio,Shanghai (state)
ren min de ju zhang,Kunlun Film Company,Shanghai (private)
wu xun zhuan (shang ji),Kunlun Film Company,Shanghai (private)
wu xun zhuan (xia ji),Kunlun Film Company,Shanghai (private)
tai ping chun,Wenhua Film Company,Shanghai (private)
si xiang wen ti,Wenhua Film Company,Shanghai (private)
wo zhe yi bei zi,Wenhua Film Company,Shanghai (private)
fu shi (1950),Wenhua Film Company,Shanghai (private)
gui hua,Northeast Film Studio,Northeast
xin er nv ying xiong zhuan,Beijing Film Studio,Beijing
shan bei mu ge,Beijing Film Studio,Beijing
zou xiang xin zhong guo,Beijing Film Studio,Beijing
nv si ji,Shanghai Film Studio,Shanghai (state)
tuan jie qi lai dao ming tian,Shanghai Film Studio,Shanghai (state)
sheng li chong feng,Shanghai Film Studio,Shanghai (state)
shang rao ji zhong ying,Shanghai Film Studio,Shanghai (state)
hai shang feng bao,Shanghai Film Studio,Shanghai (state)
cui gang hong qi,Shanghai Film Studio,Shanghai (state)
liang jia chun,Changjiang Film Studio,Shanghai (state)
hong lou er you,Guotai Film Company,Shanghai (private)
wo men fu fu zhi jian,Kunlun Film Company,Shanghai (private)
jie jie mei mei zhan qi lai,Wenhua Film Company,Shanghai (private)
guan lian zhang,Wenhua Film Company,Shanghai (private)
cai feng shuang fei,Datong Film Company,Shanghai (private)
you yi jia ren jia,Wenhua Film Company,Shanghai (private)
pu tao shu le de shi hou,Northeast Film Studio,Northeast
liu hao men,Northeast Film Studio,Northeast
yi guan hai ren dao,Beijing Film Studio,Beijing
long xu gou,Beijing Film Studio,Beijing
nan zheng bei zhan,Shanghai Film Studio,Shanghai (state)
mei guo zhi chuang,Wenhua Film Company,Shanghai (private)
fang zhen zhu,Da Guangming Film Company,Shanghai (private)
lao dong hua kai,Changjiang-Kunlun Associated Film Studio,Shanghai (state)
feng shou,Northeast Film Studio,Northeast
cao yuan shang de ren men,Northeast Film Studio,Northeast
jie hun,Northeast Film Studio,Northeast
xiao gu xian,Northeast Film Studio,Northeast
zhi qu hua shan,Beijing Film Studio,Beijing
zhao xiao lan,Beijing Film Studio,Beijing
jin yin tan,Shanghai Film Studio,Shanghai (state)
fang hua qu,Changjiang-Kunlun Associated Film Studio,Shanghai (state)
wei hai zi men zhu fu,Changjiang-Kunlun Associated Film Studio,Shanghai (state)
tai yang zhao liang le hong shi gou,Wenhua Film Company,Shanghai (private)
ying xiong si ji,Northeast Film Studio,Northeast
chun feng chui dao nuo min he,Northeast Film Studio,Northeast
sha jia dian liang zhan,Northeast Film Studio,Northeast
tu di,Northeast Film Studio,Northeast
wu qiong de qian li,Northeast Film Studio,Northeast
ren wang gao chu zou,Northeast Film Studio,Northeast
yu zhou feng,Northeast Film Studio,Northeast
shi yu zhuo,Northeast Film Studio,Northeast
xiao bai tu,Beijing Film Studio,Beijing
yi jian ti an,Beijing Film Studio,Beijing
ji mao xin,Shanghai Film Studio,Shanghai (state)
zhan duan mo zhua,Shanghai Film Studio,Shanghai (state)
san nian,Shanghai Film Studio,Shanghai (state)
wei da de qi dian,Shanghai Film Studio,Shanghai (state)
du jiang zhen cha ji,Shanghai Film Studio,Shanghai (state)
huai shang ren jia,Shanghai Film Studio,Shanghai (state)
shan jian ling xiang ma bang lai,Shanghai Film Studio,Shanghai (state)
yi chang feng bo,Shanghai Film Studio,Shanghai (state)
bu neng zou na tiao lu,Shanghai Film Studio,Shanghai (state)
fu nv dai biao,Shanghai Film Studio,Shanghai (state)
liang shan bo yu zhu ying tai,Shanghai Film Studio,Shanghai (state)
shuang tui mo,Shanghai Film Studio,Shanghai (state)
lan qiao hui,Shanghai Film Studio,Shanghai (state)
gai jiao tian de wu tai yi shu,Shandong Film Studio,Shandong
chuan ju ji jin,Central Newsreel and Documentary Film Studio,Beijing
zu guo de hua duo,Changchun Film Studio,Northeast
meng he de li ming,Changchun Film Studio,Northeast
xia tian de gu shi,Changchun Film Studio,Northeast
shen mi de lv ban,Changchun Film Studio,Northeast
ping yuan you ji dui,Changchun Film Studio,Northeast
luo xiao lin de jue xin,Changchun Film Studio,Northeast
dong cun rui,Changchun Film Studio,Northeast
nu hai qing qi,Changchun Film Studio,Northeast
qin xiang lian,Changchun Film Studio,Northeast
da jin zhi,Changchun Film Studio,Northeast
mei lan fang de wu tai yi shu (shang ji),Beijing Film Studio,Beijing
ha sen yu jia mi la,Shanghai Film Studio,Shanghai (state)
tian luo di wang,Shanghai Film Studio,Shanghai (state)
shui xiang de chun tian,Shanghai Film Studio,Shanghai (state)
qing chun de yuan di,Shanghai Film Studio,Shanghai (state)
hu shang de dou zheng,Shanghai Film Studio,Shanghai (state)
min jiang ju zi hong,Shanghai Film Studio,Shanghai (state)
nan dao feng yun,Shanghai Film Studio,Shanghai (state)
song jing shi,Shanghai Film Studio,Shanghai (state)
shang jin shan,Shanghai Film Studio,Shanghai (state)
guang chang za ji biao yan,Shanghai Film Studio,Shanghai (state)
lian yin,Shanghai Film Studio,Shanghai (state)
tian xian pei,Shanghai Film Studio,Shanghai (state)
jiao yin,August First Film Studio,Beijing
huang he da he chang,Central Newsreel and Documentary Film Studio,Beijing
hu xue zhui zong,Changchun Film Studio,Northeast
pu bu mie de huo yan,Changchun Film Studio,Northeast
xin ju zhang dao lai zhi qian,Changchun Film Studio,Northeast
ma lan hua kai,Changchun Film Studio,Northeast
ge ge he mei mei,Changchun Film Studio,Northeast
ma,Changchun Film Studio,Northeast
guan bu zhu,Changchun Film Studio,Northeast
ma ma yao wo chu jia,Changchun Film Studio,Northeast
pi bao,Changchun Film Studio,Northeast
bu ju xiao jie de ren,Changchun Film Studio,Northeast
ru ci duo qing,Changchun Film Studio,Northeast
guo qing shi dian zhong,Changchun Film Studio,Northeast
shang gan ling,Changchun Film Studio,Northeast
liu qiao er,Changchun Film Studio,Northeast
hua mu lan,Changchun Film Studio,Northeast
mei lan fang de wu tai yi shu (xia ji),Beijing Film Studio,Beijing
luo shen,Beijing Film Studio,Beijing
huang shan lei,Beijing Film Studio,Beijing
zhu fu,Beijing Film Studio,Beijing
wei le he ping,Shanghai Film Studio,Shanghai (state)
chun tian lai le,Shanghai Film Studio,Shanghai (state)
qiu weng yu xian ji,Shanghai Film Studio,Shanghai (state)
xiao bai qi de feng bo,Shanghai Film Studio,Shanghai (state)
shei shi xiong shou,Shanghai Film Studio,Shanghai (state)
mu qin,Shanghai Film Studio,Shanghai (state)
luo shui ji,Shanghai Film Studio,Shanghai (state)
xiao huo ban,Shanghai Film Studio,Shanghai (state)
li shi zhen,Shanghai Film Studio,Shanghai (state)
liang ge xiao zu qiu dui,Shanghai Film Studio,Shanghai (state)
tie dao you ji dui,Shanghai Film Studio,Shanghai (state)
jia,Shanghai Film Studio,Shanghai (state)
sha mo li de zhan dou,Shanghai Film Studio,Shanghai (state)
sou shu yuan,Shanghai Film Studio,Shanghai (state)
shi wu guan,Shanghai Film Studio,Shanghai (state)
song shi jie,Shanghai Film Studio,Shanghai (state)
an tang xiang hui,Shanghai Film Studio,Shanghai (state)
zhou xin fang de yi shu sheng huo,Shanghai Film Studio,Shanghai (state)
an tang ren mu,Shanghai Film Studio,Shanghai (state)
ge ma,Shanghai Film Studio,Shanghai (state)
chong po li ming qian de hei an,August First Film Studio,Beijing
zhei jue bu shi xiao shi qing,August First Film Studio,Beijing
you yuan jing meng (1956),Central Newsreel and Documentary Film Studio,Beijing
huang hua ling,Central Newsreel and Documentary Film Studio,Beijing
bao feng yu zhong de xiong ying,Changchun Film Studio,Northeast
ji jing de shan lin,Changchun Film Studio,Northeast
wei wan cheng de xi ju,Changchun Film Studio,Northeast
fu shi (1957),Changchun Film Studio,Northeast
qing chun de jiao bu,Changchun Film Studio,Northeast
xun ai ji,Changchun Film Studio,Northeast
di xia jian bing,Changchun Film Studio,Northeast
lu sheng lian ge,Changchun Film Studio,Northeast
bian zhai feng huo,Changchun Film Studio,Northeast
mu nv jiao shi,Changchun Film Studio,Northeast
mu ren zhi zi,Changchun Film Studio,Northeast
li er sao gai jia,Changchun Film Studio,Northeast
hu die bei,Changchun Film Studio,Northeast
jie nian,Changchun Film Studio,Northeast
qun ying hui,Beijing Film Studio,Beijing
jie dong feng,Beijing Film Studio,Beijing
du shi niang,Beijing Film Studio,Beijing
yan dang shan,Beijing Film Studio,Beijing
yang cheng an shao,Haiyan Film Studio,Shanghai (state)
dong xiao heng chui,Haiyan Film Studio,Shanghai (state)
qiu chang feng bo,Haiyan Film Studio,Shanghai (state)
hai hun,Haiyan Film Studio,Shanghai (state)
mu tong tou jun,Haiyan Film Studio,Shanghai (state)
ye lin qu,Tianma Film Studio,Shanghai (state)
qing chang yi shen,Tianma Film Studio,Shanghai (state)
nv lan 5 hao,Tianma Film Studio,Shanghai (state)
wu hai ye hang,Tianma Film Studio,Shanghai (state)
xing fu,Tianma Film Studio,Shanghai (state)
bai yue ji,Tianma Film Studio,Shanghai (state)
chen san wu niang,Tianma Film Studio,Shanghai (state)
luo han qian,Jiangnan Film Studio,Shanghai (state)
a fu xun bao ji,Jiangnan Film Studio,Shanghai (state)
feng huang zhi ge,Jiangnan Film Studio,Shanghai (state)
hu shi ri ji,Jiangnan Film Studio,Shanghai (state)
cheng feng po lang,Jiangnan Film Studio,Shanghai (state)
bu ye cheng,Jiangnan Film Studio,Shanghai (state)
zhan dou li cheng zhang,August First Film Studio,Beijing
shui,August First Film Studio,Beijing
liu bao de gu shi,August First Film Studio,Beijing
wu geng han,August First Film Studio,Beijing
ji zhan qian ye,August First Film Studio,Beijing
chuan shan ju long,Studio of Beijing Film Academy,Beijing
da mu jiang,Studio of Beijing Film Academy,Beijing
hua hao yue yuan,Changchun Film Studio,Northeast
min bing de er zi,Changchun Film Studio,Northeast
hong hai zi,Changchun Film Studio,Northeast
shui ku shang de ge sheng,Changchun Film Studio,Northeast
dang de nv er,Changchun Film Studio,Northeast
xu qiu ying an jian,Changchun Film Studio,Northeast
xuan ya,Changchun Film Studio,Northeast
gu cha zhong sheng,Changchun Film Studio,Northeast
ta ai shang le gu xiang,Changchun Film Studio,Northeast
gong di qing nian,Changchun Film Studio,Northeast
nv she zhang,Changchun Film Studio,Northeast
li ming de he bian,Changchun Film Studio,Northeast
dong feng,Changchun Film Studio,Northeast
xin lian xin,Changchun Film Studio,Northeast
huan nan zhi jiao,Changchun Film Studio,Northeast
san nian zao zhi dao,Changchun Film Studio,Northeast
bing jian qian jin,Changchun Film Studio,Northeast
bai shou qi jia,Changchun Film Studio,Northeast
hua zhong ren,Changchun Film Studio,Northeast
lie bing deng zhi gao,Changchun Film Studio,Northeast
xin de yi ke,Changchun Film Studio,Northeast
fu wu yuan,Changchun Film Studio,Northeast
shuai qi piao piao,Changchun Film Studio,Northeast
chun shui chang liu,Changchun Film Studio,Northeast
shang ba de gu shi,Changchun Film Studio,Northeast
kuai ma jia bian,Lanzhou Film Studio,Gansu
hong ling jin de gu shi,Changchun Film Studio,Northeast
tian xia wu nan shi,Changchun Film Studio,Northeast
chun lei (1958),Changchun Film Studio,Northeast
bao shan zhi ge,Changchun Film Studio,Northeast
huo yan ju,Changchun Film Studio,Northeast
feng zheng,Beijing Film Studio,Beijing
shang hai gu niang,Beijing Film Studio,Beijing
sheng huo de lang hua,Beijing Film Studio,Beijing
tan qin ji,Beijing Film Studio,Beijing
shi san ling shui ku chang xiang qu,Beijing Film Studio,Beijing
shan li de ren,Beijing Film Studio,Beijing
yi tian yi ye,Beijing Film Studio,Beijing
liu hu xin song,Beijing Film Studio,Beijing
ping fan de shi ye,Haiyan Film Studio,Shanghai (state)
ye zou luo tuo ling,Haiyan Film Studio,Shanghai (state)
hong se de zhong zi,Haiyan Film Studio,Shanghai (state)
shen shan li de ju hua,Haiyan Film Studio,Shanghai (state)
xiao kang ren jia,Haiyan Film Studio,Shanghai (state)
zhan dou de shan cun,Haiyan Film Studio,Shanghai (state)
cui gu zhong sheng,Haiyan Film Studio,Shanghai (state)
cong ming de ren,Haiyan Film Studio,Shanghai (state)
shei shi bei pao qi de ren,Haiyan Film Studio,Shanghai (state)
di san ci shi yan,Haiyan Film Studio,Shanghai (state)
gang ren tie ma,Haiyan Film Studio,Shanghai (state)
ju lang,Haiyan Film Studio,Shanghai (state)
you chuan huo yan,Haiyan Film Studio,Shanghai (state)
dian xing bao gao,Haiyan Film Studio,Shanghai (state)
chang qing shu,Haiyan Film Studio,Shanghai (state)
wang jiang ting,Haiyan Film Studio,Shanghai (state)
xia xiang yu gan jiao,Haiyan Film Studio,Shanghai (state)
lan lan he dong dong,Tianma Film Studio,Shanghai (state)
san mao xue sheng yi,Tianma Film Studio,Shanghai (state)
tie chuang lie huo,Tianma Film Studio,Shanghai (state)
da yue jin zhong de xiao zhu ren,Tianma Film Studio,Shanghai (state)
qian fang lai xin,Tianma Film Studio,Shanghai (state)
bu gu niao you jiao le,Tianma Film Studio,Shanghai (state)
qian nv nao hai,Tianma Film Studio,Shanghai (state)
da feng lang li de xiao gu shi,Tianma Film Studio,Shanghai (state)
huang bao mei,Tianma Film Studio,Shanghai (state)
20 tian ge ge ming,Tianma Film Studio,Shanghai (state)
ying xiong gan pai ke,Tianma Film Studio,Shanghai (state)
zhong yao de yi ke,Tianma Film Studio,Shanghai (state)
liang ge ying ye yuan,Tianma Film Studio,Shanghai (state)
gang hua bian di kai,Tianma Film Studio,Shanghai (state)
ni zhui wo gan,Tianma Film Studio,Shanghai (state)
hai shang hong qi,Tianma Film Studio,Shanghai (state)
xin an jiang shang,Tianma Film Studio,Shanghai (state)
zhen zhu ji,Tianma Film Studio,Shanghai (state)
liu jie mei,Tianma Film Studio,Shanghai (state)
lin chong,Jiangnan Film Studio,Shanghai (state)
liang ge xun luo bing,Jiangnan Film Studio,Shanghai (state)
miao jia er nv,Jiangnan Film Studio,Shanghai (state)
wu ming ying xiong,Jiangnan Film Studio,Shanghai (state)
lu ban de chuan shuo,Jiangnan Film Studio,Shanghai (state)
san ba he bian,Jiangnan Film Studio,Shanghai (state)
ai chang ru jia,Jiangnan Film Studio,Shanghai (state)
di yi lie kuai che,Jiangnan Film Studio,Shanghai (state)
xiao fang zhi ge,Jiangnan Film Studio,Shanghai (state)
wo long hu,Jiangnan Film Studio,Shanghai (state)
tie shu kai hua,Jiangnan Film Studio,Shanghai (state)
gang cheng hu jiang,Jiangnan Film Studio,Shanghai (state)
re lang ben teng,Jiangnan Film Studio,Shanghai (state)
mu gui ying gua shuai (1958),Jiangnan Film Studio,Shanghai (state)
qing tan,Jiangnan Film Studio,Shanghai (state)
san ge zhan you,August First Film Studio,Beijing
hei shan zu ji zhan,August First Film Studio,Beijing
chang kong bi yi,August First Film Studio,Beijing
hong xia,August First Film Studio,Beijing
ying xiong hu dan,August First Film Studio,Beijing
du jiang tan xian,August First Film Studio,Beijing
yi ri qian li,August First Film Studio,Beijing
yong bu xiao shi de dian bo,August First Film Studio,Beijing
po chu mi xin,August First Film Studio,Beijing
fan lao huan tong,August First Film Studio,Beijing
jin ling zhuan,August First Film Studio,Beijing
hai kuo tian kong,August First Film Studio,Beijing
lang ya shan wu zhuang shi,August First Film Studio,Beijing
xian wei shu ji,August First Film Studio,Beijing
yang guan da dao,August First Film Studio,Beijing
jie ban ren,Pearl River Film Studio,Canton
chuan chang zhui zong,Changchun Film Studio,Northeast
gang zhu fei che,Changchun Film Studio,Northeast
kang zhuang da dao,Changchun Film Studio,Northeast
wo men cun li de nian qing ren (shang ji),Changchun Film Studio,Northeast
xi cheng de gu shi,Changchun Film Studio,Northeast
xiao zhu yan kai,Changchun Film Studio,Northeast
shi hang,Changchun Film Studio,Northeast
bing shang jie mei,Changchun Film Studio,Northeast
jie qin pei,Changchun Film Studio,Northeast
wu duo jin hua,Changchun Film Studio,Northeast
feng cong dong fang lai,Changchun Film Studio,Northeast
cao yuan chen qu,Changchun Film Studio,Northeast
huang he fei du,Changchun Film Studio,Northeast
zhao xia,Changchun Film Studio,Northeast
yun wu shan zhong,Changchun Film Studio,Northeast
qing yun qu,Changchun Film Studio,Northeast
san kan hu die meng,Changchun Film Studio,Northeast
hai shang shen ying,Changchun Film Studio,Northeast
dou e yuan,Changchun Film Studio,Northeast
jin yu ji,Changchun Film Studio,Northeast
huan le ren jian,Changchun Film Studio,Northeast
zhan huo zhong de qing chun,Changchun Film Studio,Northeast
liu shui huan ge,Changchun Film Studio,Northeast
qian shao,Changchun Film Studio,Northeast
chen san liang,Changchun Film Studio,Northeast
shuai jing jia,Changchun Film Studio,Northeast
lin jia pu zi,Beijing Film Studio,Beijing
wu ming dao,Beijing Film Studio,Beijing
kuang deng,Beijing Film Studio,Beijing
fei yue tian xian,Beijing Film Studio,Beijing
feng bao,Beijing Film Studio,Beijing
qing chun zhi ge,Beijing Film Studio,Beijing
huan tian xi di (1959),Beijing Film Studio,Beijing
shui shang chun qiu,Beijing Film Studio,Beijing
liang shi,Beijing Film Studio,Beijing
bai feng chao yang,Beijing Film Studio,Beijing
san ge mu qin,Haiyan Film Studio,Shanghai (state)
lv zhou kai ge,Haiyan Film Studio,Shanghai (state)
hao hai zi,Haiyan Film Studio,Shanghai (state)
nie er,Haiyan Film Studio,Shanghai (state)
huang pu jiang de gu shi,Haiyan Film Studio,Shanghai (state)
jin tian wo xiu xi,Haiyan Film Studio,Shanghai (state)
wan zi qian hong zong shi chun,Haiyan Film Studio,Shanghai (state)
xiang hai yang,Haiyan Film Studio,Shanghai (state)
qiao lao ye shang jiao,Haiyan Film Studio,Shanghai (state)
lin ze xu,Haiyan Film Studio,Shanghai (state)
lao bing xin zhuan,Haiyan Film Studio,Shanghai (state)
nv fu ma,Haiyan Film Studio,Shanghai (state)
bai sui gua shuai,Haiyan Film Studio,Shanghai (state)
sheng si pai,Haiyan Film Studio,Shanghai (state)
gang tie shi jia,Tianma Film Studio,Shanghai (state)
chun man ren jian,Tianma Film Studio,Shanghai (state)
sha mo zhui fei ji,Tianma Film Studio,Shanghai (state)
di xia shao xian dui,Tianma Film Studio,Shanghai (state)
xiang piao wan li,Tianma Film Studio,Shanghai (state)
di xia hang xian,Tianma Film Studio,Shanghai (state)
chun feng yang liu,Tianma Film Studio,Shanghai (state)
bao lian deng,Tianma Film Studio,Shanghai (state)
zhui yu,Tianma Film Studio,Shanghai (state)
xing xing zhi huo,Tianma Film Studio,Shanghai (state)
jie ri ge wu,Tianma Film Studio,Shanghai (state)
bu lao song,Jiangnan Film Studio,Shanghai (state)
an hui xi qu ji jin,Anhui Film Studio,Anhui
hui min zhi dui,August First Film Studio,Beijing
jiang shan duo jiao,August First Film Studio,Beijing
hai ying,August First Film Studio,Beijing
wan shui qian shan,August First Film Studio,Beijing
lie huo zhen jin,August First Film Studio,Beijing
wu duo hong yun,August First Film Studio,Beijing
ying xiong dao,August First Film Studio,Beijing
chi feng hao,August First Film Studio,Beijing
you yi,August First Film Studio,Beijing
zhan shang hai,August First Film Studio,Beijing
mu gui ying gua shuai (1959),Central Newsreel and Documentary Film Studio,Beijing
yu dao zhi zi,Pearl River Film Studio,Canton
xue hai yin shan,Xi'an Film Studio,Xi'an
tian shan ge sheng,Xi'an Film Studio,Xi'an
xian hua duo duo kai,Xi'an Film Studio,Xi'an
ren xiao zhi da,Zhejiang Film Studio,Zhejiang
gan xiang gan zuo de ren,Shandong Film Studio,Shandong
er du mei,Wuhan Film Studio,Hubei
huan hun ji,Changchun Film Studio,Northeast
hong yan,Changchun Film Studio,Northeast
tai yang gang gang chu shan,Changchun Film Studio,Northeast
tuan yuan zhi hou,Changchun Film Studio,Northeast
kun lun tie ji,Changchun Film Studio,Northeast
zai sheng ji,Changchun Film Studio,Northeast
tie dao wei shi,Changchun Film Studio,Northeast
feng huo lie che,Changchun Film Studio,Northeast
shen yang shou,Changchun Film Studio,Northeast
shi ji lang,Changchun Film Studio,Northeast
pan yang song,Changchun Film Studio,Northeast
liu san jie,Changchun Film Studio,Northeast
qiang di song,Changchun Film Studio,Northeast
dong feng di yi zhi,Changchun Film Studio,Northeast
kong yin he,Changchun Film Studio,Northeast
wo men shi yi dai ren,Changchun Film Studio,Northeast
you yuan jing meng (1960),Beijing Film Studio,Beijing
wei le liu shi yi ge jie ji xiong di,Beijing Film Studio,Beijing
yang men nv jiang,Beijing Film Studio,Beijing
wu cai lu,Beijing Film Studio,Beijing
yi ge ming de ming yi,Beijing Film Studio,Beijing
hong hua bian di kai,Beijing Film Studio,Beijing
chun nuan hua kai,Beijing Film Studio,Beijing
geng yun bo yu,Beijing Film Studio,Beijing
hong qi pu,Beijing Film Studio,Beijing
ge ming jia ting,Beijing Film Studio,Beijing
liu shi nian dai di yi chun,Haiyan Film Studio,Shanghai (state)
chuang guan,Haiyan Film Studio,Shanghai (state)
ji liu,Haiyan Film Studio,Shanghai (state)
mian dian wen hua dai biao tuan fang hua yan chu,Haiyan Film Studio,Shanghai (state)
mo ya dai,Haiyan Film Studio,Shanghai (state)
ma lan hua,Haiyan Film Studio,Shanghai (state)
guan han qing,Haiyan Film Studio,Shanghai (state)
qin niang mei,Haiyan Film Studio,Shanghai (state)
nv shen,Haiyan Film Studio,Shanghai (state)
ta men de xin yuan,Tianma Film Studio,Shanghai (state)
feng liu ren wu shu jin zhao,Tianma Film Studio,Shanghai (state)
xiang yang hua kai,Tianma Film Studio,Shanghai (state)
dou shi ting,Tianma Film Studio,Shanghai (state)
sun wu kong san da bai gu jing,Tianma Film Studio,Shanghai (state)
hong ying zhan chi,August First Film Studio,Beijing
shi er ci lie che,August First Film Studio,Beijing
san ba xian shang,August First Film Studio,Beijing
ke shan hong ri,August First Film Studio,Beijing
lin hai xue yuan,August First Film Studio,Beijing
hong ying,August First Film Studio,Beijing
meng long sha,August First Film Studio,Beijing
qi xi,August First Film Studio,Beijing
ying xiong shi pian,Pearl River Film Studio,Canton
xin dui yuan,Pearl River Film Studio,Canton
hui yan dan xin,Pearl River Film Studio,Canton
bi kong yin hua,Xi'an Film Studio,Xi'an
yong heng de you yi,Xi'an Film Studio,Xi'an
kang han qu,Xi'an Film Studio,Xi'an
cao yuan feng bao,Xi'an Film Studio,Xi'an
san di xue,Xi'an Film Studio,Xi'an
yi wen qian,Xi'an Film Studio,Xi'an
jia ling jiang bian,Emei Film Studio,Sichuan
liang dai ren,Xinjiang Film Studio,Xinjiang
qin ren,Wuhan Film Studio,Hubei
ge ming feng bao zhan sheng long juan feng,Wuhan Film Studio,Hubei
fu zi lia,Studio of Beijing Film Academy,Beijing
ta men zai zhan dou,Xinjiang Film Studio,Xinjiang
bei lei chu kai,Tianjin Film Studio,Tianjin
ma xi tuan de xin jie mu,Changchun Film Studio,Northeast
wan mu chun,Changchun Film Studio,Northeast
jian shui dong liu,Changchun Film Studio,Northeast
dong mei,Changchun Film Studio,Northeast
shu jia de li wu,Changchun Film Studio,Northeast
hong hu chi wei dui,Beijing Film Studio,Beijing
bao feng zhou yu,Beijing Film Studio,Beijing
chun lei (1961),Beijing Film Studio,Beijing
bei da huang ren,Beijing Film Studio,Beijing
51 hao bing zhan,Haiyan Film Studio,Shanghai (state)
ku mu feng chun,Haiyan Film Studio,Shanghai (state)
man luo hua,Haiyan Film Studio,Shanghai (state)
chun cui tao li,Haiyan Film Studio,Shanghai (state)
hong se niang zi jun,Tianma Film Studio,Shanghai (state)
ying xiong xiao ba lu,Tianma Film Studio,Shanghai (state)
xiao dao hui,Tianma Film Studio,Shanghai (state)
tu po wu jiang,August First Film Studio,Beijing
bi kong xiong shi,August First Film Studio,Beijing
hong shan hu,August First Film Studio,Beijing
li jing ji,Pearl River Film Studio,Canton
ba shan hong lang,Xi'an Film Studio,Xi'an
yan an you ji dui,Xi'an Film Studio,Xi'an
da ji he ta de fu qin,Emei Film Studio,Sichuan
yuan fang xing huo,Xinjiang Film Studio,Xinjiang
feng xue da bie shan,Anhui Film Studio,Anhui
kou zhun bei xue,Anhui Film Studio,Anhui
qi tian qi ye,Changchun Film Studio,Northeast
san guan pai yan,Changchun Film Studio,Northeast
liu yi chuan shu,Changchun Film Studio,Northeast
jia wu feng yun,Changchun Film Studio,Northeast
lu huo zheng hong,Changchun Film Studio,Northeast
hua er duo duo,Beijing Film Studio,Beijing
kun lun shan shang yi ke cao,Beijing Film Studio,Beijing
yang nai wu yu xiao bai cai,Beijing Film Studio,Beijing
ye zhu lin,Beijing Film Studio,Beijing
ting zhan yi hou,Beijing Film Studio,Beijing
a na er han,Beijing Film Studio,Beijing
jin shang tian hua,Beijing Film Studio,Beijing
sun an dong ben,Haiyan Film Studio,Shanghai (state)
li shuang shuang,Haiyan Film Studio,Shanghai (state)
hong lou meng,Haiyan Film Studio,Shanghai (state)
bi yu zan,Haiyan Film Studio,Shanghai (state)
mo shu shi de qi yu,Tianma Film Studio,Shanghai (state)
nv li fa shi,Tianma Film Studio,Shanghai (state)
liao yuan,Tianma Film Studio,Shanghai (state)
da li 、 xiao li he lao li,Tianma Film Studio,Shanghai (state)
dong jin xu qu,August First Film Studio,Beijing
ge lia hao,August First Film Studio,Beijing
huai shu zhuang,August First Film Studio,Beijing
di lei zhan,August First Film Studio,Beijing
e er duo si feng bao,August First Film Studio,Beijing
bi hai dan xin,August First Film Studio,Beijing
ying xiong tan ke shou,August First Film Studio,Beijing
han jiang hua si jin,Pearl River Film Studio,Canton
nan hai chao (shang ji),Pearl River Film Studio,Canton
qi wang qiu jiang,Pearl River Film Studio,Canton
hong ye ti shi,Pearl River Film Studio,Canton
sheng ming de huo hua,Xi'an Film Studio,Xi'an
shang xiao yun wu tai yi shu,Xi'an Film Studio,Xi'an
qiao tai shou luan dian yuan yang pu,Emei Film Studio,Sichuan
bing shan shang de lai ke,Changchun Film Studio,Northeast
hua wei mei,Changchun Film Studio,Northeast
zi you hou lai ren,Changchun Film Studio,Northeast
chao yang gou,Changchun Film Studio,Northeast
wo men cun li de nian qing ren (xu ji),Changchun Film Studio,Northeast
man yi bu man yi,Changchun Film Studio,Northeast
liang jia ren,Changchun Film Studio,Northeast
qiang tou ma shang,Changchun Film Studio,Northeast
bing xue jin da lai,Changchun Film Studio,Northeast
fen shui chang liu,Beijing Film Studio,Beijing
hong he ji lang,Beijing Film Studio,Beijing
zao chun er yue,Beijing Film Studio,Beijing
xiao bing zhang ga,Beijing Film Studio,Beijing
chun yan zhan chi,Beijing Film Studio,Beijing
mu gui ying da zhan hong zhou,Beijing Film Studio,Beijing
xiong mei tan bao,Haiyan Film Studio,Shanghai (state)
fei dao hua,Haiyan Film Studio,Shanghai (state)
you san jie,Haiyan Film Studio,Shanghai (state)
ru ci die niang,Haiyan Film Studio,Shanghai (state)
bei guo jiang nan,Haiyan Film Studio,Shanghai (state)
shui shou zhang de gu shi,Haiyan Film Studio,Shanghai (state)
niu lang zhi nv,Haiyan Film Studio,Shanghai (state)
hong ri,Tianma Film Studio,Shanghai (state)
jin sha jiang pan,Tianma Film Studio,Shanghai (state)
bao hu lu de mi mi,Tianma Film Studio,Shanghai (state)
can hua gu niang,Tianma Film Studio,Shanghai (state)
wu song,Tianma Film Studio,Shanghai (state)
shuang zhu feng,Tianma Film Studio,Shanghai (state)
huai yin ji,Tianma Film Studio,Shanghai (state)
qiu mi,Tianma Film Studio,Shanghai (state)
ye huo chun feng dou gu cheng,August First Film Studio,Beijing
nong nu,August First Film Studio,Beijing
nu chao,August First Film Studio,Beijing
zhua zhuang ding,August First Film Studio,Beijing
ge ming li shi ge qu biao yan chang,August First Film Studio,Beijing
duo yin,August First Film Studio,Beijing
gen zong zhui ji,Pearl River Film Studio,Canton
qi shi er jia fang ke,Pearl River Film Studio,Canton
mao zi pei chuang gong,Pearl River Film Studio,Canton
tao hua shan,Xi'an Film Studio,Xi'an
zha mei an,Changchun Film Studio,Northeast
du li da dui,Changchun Film Studio,Northeast
bing lin cheng xia,Changchun Film Studio,Northeast
ying xiong er nv,Changchun Film Studio,Northeast
hong guan jia,Changchun Film Studio,Northeast
hao xi fu,Changchun Film Studio,Northeast
nan hai de zao chen,Changchun Film Studio,Northeast
nv tiao shui dui yuan,Changchun Film Studio,Northeast
cai die fen fei,Beijing Film Studio,Beijing
xiao ling dang,Beijing Film Studio,Beijing
qing nian lu ban,Beijing Film Studio,Beijing
xiao er hei jie hun,Beijing Film Studio,Beijing
qian wan bu yao wang ji,Beijing Film Studio,Beijing
cao yuan xiong ying,Beijing Film Studio,Beijing
jian gan he bian,Beijing Film Studio,Beijing
qing shan lian,Haiyan Film Studio,Shanghai (state)
a shi ma,Haiyan Film Studio,Shanghai (state)
feng shou zhi hou,Haiyan Film Studio,Shanghai (state)
li shan zi,Haiyan Film Studio,Shanghai (state)
bai qiu en dai fu,Haiyan Film Studio,Shanghai (state)
jia ting wen ti,Tianma Film Studio,Shanghai (state)
ni hong deng xia de shao bing,Tianma Film Studio,Shanghai (state)
xue bei,Tianma Film Studio,Shanghai (state)
an bian ji lang,August First Film Studio,Beijing
dai bing de ren,August First Film Studio,Beijing
lei feng,August First Film Studio,Beijing
fen shui ling,August First Film Studio,Beijing
xu ri dong sheng,August First Film Studio,Beijing
dong feng wan li,August First Film Studio,Beijing
ni feng qian li,Pearl River Film Studio,Canton
liu ming zhu,Pearl River Film Studio,Canton
tian shan de hong hua,Xi'an Film Studio,Xi'an
shan cun kuai ji,Changchun Film Studio,Northeast
san jin shan cheng,Changchun Film Studio,Northeast
jing po gu niang,Changchun Film Studio,Northeast
“te kuai” lie che,Changchun Film Studio,Northeast
qing song ling,Changchun Film Studio,Northeast
lu kao,Changchun Film Studio,Northeast
chuan qiang ji,Changchun Film Studio,Northeast
bai shan xin ge,Changchun Film Studio,Northeast
yi ke hong xin,Changchun Film Studio,Northeast
jin yao chi,Changchun Film Studio,Northeast
duo duo hong hua xiang tai yang,Changchun Film Studio,Northeast
jie zhen guo,Changchun Film Studio,Northeast
lie huo zhong yong sheng,Beijing Film Studio,Beijing
mei dian xin gong ren,Beijing Film Studio,Beijing
shan cun jie mei,Beijing Film Studio,Beijing
hong se bei lou,Beijing Film Studio,Beijing
long ma jing shen,Beijing Film Studio,Beijing
hua bei qu ye yu hua ju wu tai yi shu pian (shang ji),Beijing Film Studio,Beijing
hua bei qu ye yu hua ju wu tai yi shu pian (xia ji),Beijing Film Studio,Beijing
mai niu 、ba gua yuan,Beijing Film Studio,Beijing
san duo xiao hong hua,Beijing Film Studio,Beijing
lang tao gun gun,Beijing Film Studio,Beijing
xiao zu qiu dui,Haiyan Film Studio,Shanghai (state)
huang sha lv lang,Haiyan Film Studio,Shanghai (state)
hong hua qu,Haiyan Film Studio,Shanghai (state)
nong jia bao 、liang long di,Haiyan Film Studio,Shanghai (state)
zhe shi wo ying gai zuo de,Haiyan Film Studio,Shanghai (state)
gu sao lian wu,Haiyan Film Studio,Shanghai (state)
nian qing de yi dai,Tianma Film Studio,Shanghai (state)
gui tai,Tianma Film Studio,Shanghai (state)
wu tai jie mei,Tianma Film Studio,Shanghai (state)
xi qu ji jin,Tianma Film Studio,Shanghai (state)
shang hai zhi chun,Tianma Film Studio,Shanghai (state)
fu jian gong yi xin hua,Shanghai Animation Film Studio,Shanghai (state)
shang hai shi shao nian er tong ge ming ge wu xuan ji,Shanghai Animation Film Studio,Shanghai (state)
da ji qin lve zhe,August First Film Studio,Beijing
ku cai hua,August First Film Studio,Beijing
mi mi tu zhi,August First Film Studio,Beijing
di dao zhan,August First Film Studio,Beijing
sheng li zai wang,August First Film Studio,Beijing
ye lin nu huo,Anhui Film Studio,Anhui
jun ken zhan ge,August First Film Studio,Beijing
dong fang hong,August First Film Studio,Beijing
shuang jiao zi,Pearl River Film Studio,Canton
shan cun xin qu,Pearl River Film Studio,Canton
da tong luo 、bu guo,Pearl River Film Studio,Canton
hong mei ling,Xi'an Film Studio,Xi'an
ren huan ma jiao,Xi'an Film Studio,Xi'an
jun ge liao liang,Xi'an Film Studio,Xi'an
ha er bin zhi xia,Changchun Film Studio,Northeast
yan hong ling xia,Changchun Film Studio,Northeast
hong se you lu,Beijing Film Studio,Beijing
nv fei xing yuan,Beijing Film Studio,Beijing
hong shi zhong sheng,Beijing Film Studio,Beijing
ta men zai cheng zhang,Haiyan Film Studio,Shanghai (state)
shang hai gong yi mei shu,Shanghai Animation Film Studio,Shanghai (state)
yi bai ge fang xin,August First Film Studio,Beijing
qing chun hong si huo,August First Film Studio,Beijing
you xiang,Pearl River Film Studio,Canton
jie niu,Pearl River Film Studio,Canton
song liang,Pearl River Film Studio,Canton
da lang tao sha,Pearl River Film Studio,Canton
yi dai mai zhong,Pearl River Film Studio,Canton
lao bao guan 、xin xi fu lai le,Xi'an Film Studio,Xi'an
yi chuan xiang lian,Xi'an Film Studio,Xi'an
