裴冲,Director,ye lai feng yu sheng
叶逸芳,Scriptwriter,ye lai feng yu sheng
王丹凤,Actor/Actress,ye lai feng yu sheng
严俊,Actor/Actress,ye lai feng yu sheng
罗兰,Actor/Actress,ye lai feng yu sheng
方伯,Actor/Actress,ye lai feng yu sheng
殷秀岑,Actor/Actress,ye lai feng yu sheng
梅邨,Actor/Actress,ye lai feng yu sheng
岳枫,Director,sen lin da xue an
岳枫,Scriptwriter,sen lin da xue an
罗兰,Actor/Actress,sen lin da xue an
关宏达,Actor/Actress,sen lin da xue an
井淼,Actor/Actress,sen lin da xue an
项堃,Actor/Actress,sen lin da xue an
严俊,Actor/Actress,sen lin da xue an
汪漪,Actor/Actress,sen lin da xue an
孙敬,Director,han shan si zhong sheng
方泓,Scriptwriter,han shan si zhong sheng
欧阳莎菲,Actor/Actress,han shan si zhong sheng
毛燕华,Actor/Actress,han shan si zhong sheng
高博,Actor/Actress,han shan si zhong sheng
卫禹平,Actor/Actress,han shan si zhong sheng
蓝莺莺,Actor/Actress,han shan si zhong sheng
韩兰根,Director,nian nian ru yi
龚硕平,Scriptwriter,nian nian ru yi
韩兰根,Actor/Actress,nian nian ru yi
章志直,Actor/Actress,nian nian ru yi
陈嬿,Actor/Actress,nian nian ru yi
关宏达,Actor/Actress,nian nian ru yi
朱月影,Actor/Actress,nian nian ru yi
金川,Actor/Actress,nian nian ru yi
杨诚,Actor/Actress,nian nian ru yi
李黎明,Actor/Actress,nian nian ru yi
傅梅,Actor/Actress,nian nian ru yi
崔碧玉,Actor/Actress,nian nian ru yi
钱步铭,Actor/Actress,nian nian ru yi
马忠英,Actor/Actress,nian nian ru yi
何梅影,Actor/Actress,nian nian ru yi
高文亮,Producer,nian nian ru yi
高鹤鸣,Assistant-Director,nian nian ru yi
仲慰,Filmset,nian nian ru yi
盛余泳,Camera,nian nian ru yi
钱步铭,Stage-Manager,nian nian ru yi
方沛霖,Director,tong xin jie
吴铁翼,Scriptwriter,tong xin jie
关宏达,Actor/Actress,tong xin jie
周伯勋,Actor/Actress,tong xin jie
乔奇,Actor/Actress,tong xin jie
怀锦,Actor/Actress,tong xin jie
范莱,Actor/Actress,tong xin jie
言慧珠,Actor/Actress,tong xin jie
傅惠珍,Actor/Actress,tong xin jie
方伯,Actor/Actress,tong xin jie
宏霞,Actor/Actress,tong xin jie
吴江海,Sound,tong xin jie
林圣清,Sound,tong xin jie
包时,Producer,tong xin jie
吴永刚,Director,e ren xing
吴永刚,Scriptwriter,e ren xing
韩兰根,Actor/Actress,e ren xing
殷秀岑,Actor/Actress,e ren xing
苏芸,Actor/Actress,e ren xing
秦文,Actor/Actress,e ren xing
方伯,Actor/Actress,e ren xing
章志直,Actor/Actress,e ren xing
关宏达,Actor/Actress,e ren xing
吴承镛,Producer,e ren xing
李生伟,Camera,e ren xing
黄汉,Director,nv er chun
赵清阁,Scriptwriter,nv er chun
王熙春,Actor/Actress,nv er chun
乔奇,Actor/Actress,nv er chun
颜碧丽,Actor/Actress,nv er chun
徐曼,Actor/Actress,nv er chun
宣景琳,Actor/Actress,nv er chun
关宏达,Actor/Actress,nv er chun
凤凰,Actor/Actress,nv er chun
王钧,Actor/Actress,nv er chun
周刍,Actor/Actress,nv er chun
罗静宜,Actor/Actress,nv er chun
田钧,Actor/Actress,nv er chun
费柏青,Actor/Actress,nv er chun
于冲,Actor/Actress,nv er chun
黄耐霜,Actor/Actress,nv er chun
王岚,Actor/Actress,nv er chun
冯奇,Actor/Actress,nv er chun
莫天琴,Actor/Actress,nv er chun
宋宝琪,Stage-Manager,nv er chun
何非光,Director,ren shou zhi jian
何非光,Scriptwriter,ren shou zhi jian
石羽,Actor/Actress,ren shou zhi jian
白荷,Actor/Actress,ren shou zhi jian
李季,Actor/Actress,ren shou zhi jian
叶高,Actor/Actress,ren shou zhi jian
傅惠珍,Actor/Actress,ren shou zhi jian
李静康,Actor/Actress,ren shou zhi jian
凌之浩,Actor/Actress,ren shou zhi jian
张莺,Actor/Actress,ren shou zhi jian
关宏达,Actor/Actress,ren shou zhi jian
项堃,Director,ren zai wu yan xia
沈西琳,Director,ren zai wu yan xia
叶小铿,Actor/Actress,ren zai wu yan xia
张雁,Actor/Actress,ren zai wu yan xia
项堃,Actor/Actress,ren zai wu yan xia
阮斐,Actor/Actress,ren zai wu yan xia
董霖,Actor/Actress,ren zai wu yan xia
叶高,Actor/Actress,ren zai wu yan xia
张立德,Actor/Actress,ren zai wu yan xia
方伯,Actor/Actress,ren zai wu yan xia
寇嘉弼,Actor/Actress,ren zai wu yan xia
梁笃生,Actor/Actress,ren zai wu yan xia
李君侠,Producer,ren zai wu yan xia
萧家点,Producer,ren zai wu yan xia
项堃,Executive-Producer,ren zai wu yan xia
沈西琳,Executive-Producer,ren zai wu yan xia
徐苏灵,Director,nv da heng
包蕾,Scriptwriter,nv da heng
张伐,Actor/Actress,nv da heng
童芷苓,Actor/Actress,nv da heng
唐槐秋,Actor/Actress,nv da heng
周伯勋,Actor/Actress,nv da heng
徐缓,Actor/Actress,nv da heng
顾梦鹤,Actor/Actress,nv da heng
沙莉,Actor/Actress,nv da heng
乔奇,Actor/Actress,nv da heng
苏琴,Actor/Actress,nv da heng
田振东,Actor/Actress,nv da heng
何学初,Actor/Actress,nv da heng
张立德,Actor/Actress,nv da heng
丁一,Actor/Actress,nv da heng
田太宣,Actor/Actress,nv da heng
朱月影,Actor/Actress,nv da heng
华臣,Actor/Actress,nv da heng
马斐,Actor/Actress,nv da heng
何剑飞,Actor/Actress,nv da heng
桑克正,Actor/Actress,nv da heng
白明,Actor/Actress,nv da heng
伊纹,Actor/Actress,nv da heng
何真,Actor/Actress,nv da heng
林榛,Actor/Actress,nv da heng
王敏,Actor/Actress,nv da heng
江山,Actor/Actress,nv da heng
杨小仲,Director,tai ping qiao de nu chao
杨小仲,Scriptwriter,tai ping qiao de nu chao
张翼,Actor/Actress,tai ping qiao de nu chao
欧阳莎菲,Actor/Actress,tai ping qiao de nu chao
韩兰根,Actor/Actress,tai ping qiao de nu chao
吕玉堃,Actor/Actress,tai ping qiao de nu chao
杨志卿,Actor/Actress,tai ping qiao de nu chao
周起,Actor/Actress,tai ping qiao de nu chao
章志直,Actor/Actress,tai ping qiao de nu chao
杨芳菁,Actor/Actress,tai ping qiao de nu chao
顾梦鹤,Actor/Actress,tai ping qiao de nu chao
陶由,Actor/Actress,tai ping qiao de nu chao
姜修,Actor/Actress,tai ping qiao de nu chao
谭光友,Actor/Actress,tai ping qiao de nu chao
陈翼青,Director,jiang cun you xia zhuan
于亚夫,Scriptwriter,jiang cun you xia zhuan
乔奇,Actor/Actress,jiang cun you xia zhuan
王熙春,Actor/Actress,jiang cun you xia zhuan
杨志卿,Actor/Actress,jiang cun you xia zhuan
章志直,Actor/Actress,jiang cun you xia zhuan
陶由,Actor/Actress,jiang cun you xia zhuan
张明,Actor/Actress,jiang cun you xia zhuan
费柏青,Actor/Actress,jiang cun you xia zhuan
周起,Actor/Actress,jiang cun you xia zhuan
于冲,Actor/Actress,jiang cun you xia zhuan
高笑鸥,Actor/Actress,jiang cun you xia zhuan
黄耐霜,Actor/Actress,jiang cun you xia zhuan
高扬,Actor/Actress,jiang cun you xia zhuan
姜修,Actor/Actress,jiang cun you xia zhuan
王桂林,Actor/Actress,jiang cun you xia zhuan
杨芳菁,Actor/Actress,jiang cun you xia zhuan
洪川,Actor/Actress,jiang cun you xia zhuan
邵子和,Sound,jiang cun you xia zhuan
顾鸿芳,Producer,jiang cun you xia zhuan
杨小仲,Director,da jia huan xi
杨小仲,Scriptwriter,da jia huan xi
韩兰根,Actor/Actress,da jia huan xi
殷秀岑,Actor/Actress,da jia huan xi
杨志卿,Actor/Actress,da jia huan xi
关宏达,Actor/Actress,da jia huan xi
张琬,Actor/Actress,da jia huan xi
顾梦鹤,Actor/Actress,da jia huan xi
洪警铃,Actor/Actress,da jia huan xi
章志直,Actor/Actress,da jia huan xi
何剑飞,Actor/Actress,da jia huan xi
朱少泉,Actor/Actress,da jia huan xi
陶由,Actor/Actress,da jia huan xi
谭光友,Actor/Actress,da jia huan xi
陈云华,Actor/Actress,da jia huan xi
杨芳菁,Actor/Actress,da jia huan xi
沈维善,Filmset,da jia huan xi
李洪泉,Makeup,da jia huan xi
邵子和,Sound,da jia huan xi
顾鸿芳,Producer,da jia huan xi
陈翼青,Executive-Producer,da jia huan xi
陈震祥,Camera,da jia huan xi
韩杰从,Costume,da jia huan xi
陈甦,Stage-Manager,da jia huan xi
陈蝉,Stage-Manager,da jia huan xi
林福增,Art,da jia huan xi
韦顺宝,Editing,da jia huan xi
韩兰根,Director,huan nan fu qi
张帆,Actor/Actress,huan nan fu qi
韩兰根,Actor/Actress,huan nan fu qi
殷秀岑,Actor/Actress,huan nan fu qi
关宏达,Actor/Actress,huan nan fu qi
陆露明,Actor/Actress,huan nan fu qi
司徒莺,Actor/Actress,huan nan fu qi
章志直,Actor/Actress,huan nan fu qi
洪警铃,Actor/Actress,huan nan fu qi
陶由,Actor/Actress,huan nan fu qi
李明,Actor/Actress,huan nan fu qi
洪川,Actor/Actress,huan nan fu qi
黄耐霜,Actor/Actress,huan nan fu qi
赵家树,Editing,huan nan fu qi
林福增,Art,huan nan fu qi
任心良,Sound,huan nan fu qi
廖云士,Producer,huan nan fu qi
徐昌霖,Director,hun yan da shi
秦瘦鸥,Scriptwriter,hun yan da shi
林杉,Actor/Actress,hun yan da shi
高占非,Actor/Actress,hun yan da shi
魏鹤龄,Actor/Actress,hun yan da shi
袁蓉,Actor/Actress,hun yan da shi
朱莎,Actor/Actress,hun yan da shi
路珊,Actor/Actress,hun yan da shi
王岚,Actor/Actress,hun yan da shi
周刍,Actor/Actress,hun yan da shi
张琬,Actor/Actress,hun yan da shi
冯继雄,Actor/Actress,hun yan da shi
白荷,Actor/Actress,hun yan da shi
童芷苓,Actor/Actress,hun yan da shi
林榛,Actor/Actress,hun yan da shi
顾兰君,Actor/Actress,hun yan da shi
罗从周,Camera,hun yan da shi
姚守清,Sound,hun yan da shi
廖云士,Producer,hun yan da shi
叶逸芳,Director,san bai liu shi hang
叶逸芳,Scriptwriter,san bai liu shi hang
韩兰根,Actor/Actress,san bai liu shi hang
殷秀岑,Actor/Actress,san bai liu shi hang
仓隐秋,Actor/Actress,san bai liu shi hang
章志直,Actor/Actress,san bai liu shi hang
司徒莺,Actor/Actress,san bai liu shi hang
邹小燕,Actor/Actress,san bai liu shi hang
谭光友,Actor/Actress,san bai liu shi hang
杨志卿,Actor/Actress,san bai liu shi hang
孙敏,Actor/Actress,san bai liu shi hang
何剑飞,Actor/Actress,san bai liu shi hang
姜修,Actor/Actress,san bai liu shi hang
朱少泉,Actor/Actress,san bai liu shi hang
陶由,Actor/Actress,san bai liu shi hang
叶逸芳,Director,shuo huang de zhang fu
叶逸芳,Scriptwriter,shuo huang de zhang fu
华香琳,Actor/Actress,shuo huang de zhang fu
乔奇,Actor/Actress,shuo huang de zhang fu
杨志卿,Actor/Actress,shuo huang de zhang fu
张翠英,Actor/Actress,shuo huang de zhang fu
关宏达,Actor/Actress,shuo huang de zhang fu
罗玲,Actor/Actress,shuo huang de zhang fu
仓隐秋,Actor/Actress,shuo huang de zhang fu
陆露明,Actor/Actress,shuo huang de zhang fu
孙敬,Director,yin yang jie
童芷苓,Actor/Actress,yin yang jie
杨志卿,Actor/Actress,yin yang jie
徐琴芳,Actor/Actress,yin yang jie
于冲,Actor/Actress,yin yang jie
关宏达,Actor/Actress,yin yang jie
岳麟,Actor/Actress,yin yang jie
耿琳,Actor/Actress,yin yang jie
丁虹,Actor/Actress,yin yang jie
丁瑛,Actor/Actress,yin yang jie
华华,Actor/Actress,yin yang jie
叶逸芳,Producer,yin yang jie
韩义,Director,shi liu hong
沈默,Scriptwriter,shi liu hong
戚雅仙,Actor/Actress,shi liu hong
徐天红,Actor/Actress,shi liu hong
高剑琳,Actor/Actress,shi liu hong
焦月娥,Actor/Actress,shi liu hong
筱水招,Actor/Actress,shi liu hong
茅胜奎,Actor/Actress,shi liu hong
魏兰芳,Actor/Actress,shi liu hong
颜鹤鸣,Camera,shi liu hong
韩义,Director,zhi bu guo shi ai qing
沈默,Scriptwriter,zhi bu guo shi ai qing
沈铭,Scriptwriter,zhi bu guo shi ai qing
李纬,Actor/Actress,zhi bu guo shi ai qing
杨志卿,Actor/Actress,zhi bu guo shi ai qing
张莺,Actor/Actress,zhi bu guo shi ai qing
田钧,Actor/Actress,zhi bu guo shi ai qing
高笑鸥,Actor/Actress,zhi bu guo shi ai qing
杨芳菁,Actor/Actress,zhi bu guo shi ai qing
王慕萍,Actor/Actress,zhi bu guo shi ai qing
陈铿然,Director,da lei yu
李之华,Scriptwriter,da lei yu
Nikolai Alexeevich Ostrovsky,Scriptwriter,da lei yu
沙莉,Actor/Actress,da lei yu
孙道临,Actor/Actress,da lei yu
吴茵,Actor/Actress,da lei yu
沈扬,Actor/Actress,da lei yu
唐槐秋,Actor/Actress,da lei yu
李纬,Actor/Actress,da lei yu
何剑飞,Actor/Actress,da lei yu
陈珉,Actor/Actress,da lei yu
柳杰,Actor/Actress,da lei yu
马忠英,Actor/Actress,da lei yu
黄贻钧,Music,da lei yu
陆洪恩,Music,da lei yu
薛伯青,Camera,da lei yu
薛岱云,Camera,da lei yu
许明,Editing,da lei yu
张汉臣,Filmset,da lei yu
李洪泉,Makeup,da lei yu
应云卫,Producer,da lei yu
章志直,Stage-Manager,da lei yu
吴文超,Director,ye ying qu
谭维翰,Scriptwriter,ye ying qu
盛余泳,Scriptwriter,ye ying qu
白虹,Actor/Actress,ye ying qu
李静康,Actor/Actress,ye ying qu
金川,Actor/Actress,ye ying qu
吕玉堃,Actor/Actress,ye ying qu
洪警铃,Actor/Actress,ye ying qu
白蓉,Actor/Actress,ye ying qu
严引玉,Actor/Actress,ye ying qu
华香琳,Actor/Actress,ye ying qu
范石人,Actor/Actress,ye ying qu
王曼娜,Actor/Actress,ye ying qu
冯继英,Actor/Actress,ye ying qu
殷秀岑,Actor/Actress,ye ying qu
杨诚,Actor/Actress,ye ying qu
苏瑛,Actor/Actress,ye ying qu
周起,Actor/Actress,ye ying qu
章志直,Actor/Actress,ye ying qu
韩兰根,Actor/Actress,ye ying qu
高扬,Actor/Actress,ye ying qu
傅梅,Actor/Actress,ye ying qu
吴文超,Producer,ye ying qu
王明安,Executive-Producer,ye ying qu
陶金,Director,shi li chuan jia
陶金,Scriptwriter,shi li chuan jia
李丽华,Actor/Actress,shi li chuan jia
陶金,Actor/Actress,shi li chuan jia
顾而已,Actor/Actress,shi li chuan jia
顾也鲁,Actor/Actress,shi li chuan jia
林静,Actor/Actress,shi li chuan jia
李丹薇,Actor/Actress,shi li chuan jia
徐锦文,Actor/Actress,shi li chuan jia
陈风,Actor/Actress,shi li chuan jia
姜明,Actor/Actress,shi li chuan jia
邓敏,Actor/Actress,shi li chuan jia
牛犇,Actor/Actress,shi li chuan jia
裘萍,Actor/Actress,shi li chuan jia
颜碧君,Actor/Actress,shi li chuan jia
吴家骧,Actor/Actress,shi li chuan jia
吴景平,Actor/Actress,shi li chuan jia
李厚襄,Music,shi li chuan jia
万古蟾,Filmset,shi li chuan jia
颜碧君,Makeup,shi li chuan jia
顾而已,Producer,shi li chuan jia
顾也鲁,Producer,shi li chuan jia
洪谟,Director,ying mi zhuan
黄佐临,Scriptwriter,ying mi zhuan
乔奇,Actor/Actress,ying mi zhuan
高博,Actor/Actress,ying mi zhuan
林榛,Actor/Actress,ying mi zhuan
朱琳,Actor/Actress,ying mi zhuan
梁明,Actor/Actress,ying mi zhuan
颜碧丽,Actor/Actress,ying mi zhuan
章志直,Actor/Actress,ying mi zhuan
周刍,Actor/Actress,ying mi zhuan
陈重,Actor/Actress,ying mi zhuan
王路西,Actor/Actress,ying mi zhuan
言慧珠,Actor/Actress,ying mi zhuan
关宏达,Actor/Actress,ying mi zhuan
罗从周,Camera,ying mi zhuan
谢晋,Assistant-Director,ying mi zhuan
张石川,Producer,ying mi zhuan
柳和清,Executive-Producer,ying mi zhuan
黄汉,Director,zi you tian di
于思,Scriptwriter,zi you tian di
赵清阁,Scriptwriter,zi you tian di
于冲,Actor/Actress,zi you tian di
宣景琳,Actor/Actress,zi you tian di
李保罗,Actor/Actress,zi you tian di
王恺,Actor/Actress,zi you tian di
强明,Actor/Actress,zi you tian di
宏霞,Actor/Actress,zi you tian di
罗静宜,Actor/Actress,zi you tian di
高博,Actor/Actress,zi you tian di
周曼华,Actor/Actress,zi you tian di
乔奇,Actor/Actress,zi you tian di
罗从周,Camera,zi you tian di
张石川,Producer,zi you tian di
柳中亮,Executive-Producer,zi you tian di
徐昌霖,Director,tai tai wen ti
戴维峙,Scriptwriter,tai tai wen ti
周伯勋,Actor/Actress,tai tai wen ti
路珊,Actor/Actress,tai tai wen ti
李保罗,Actor/Actress,tai tai wen ti
林仪,Actor/Actress,tai tai wen ti
李静康,Actor/Actress,tai tai wen ti
金川,Actor/Actress,tai tai wen ti
朱莎,Actor/Actress,tai tai wen ti
柳中浩,Producer,tai tai wen ti
应云卫,Executive-Producer,tai tai wen ti
郑小秋,Director,huan tian xi di
吴仞之,Scriptwriter,huan tian xi di
林默予,Actor/Actress,huan tian xi di
汪漪,Actor/Actress,huan tian xi di
史原,Actor/Actress,huan tian xi di
韩涛,Actor/Actress,huan tian xi di
周刍,Actor/Actress,huan tian xi di
林榛,Actor/Actress,huan tian xi di
黄汉,Director,die lian hua
赵清阁,Scriptwriter,die lian hua
沙莉,Actor/Actress,die lian hua
乔奇,Actor/Actress,die lian hua
陈重,Actor/Actress,die lian hua
江山,Actor/Actress,die lian hua
夏冬,Actor/Actress,die lian hua
罗静宜,Actor/Actress,die lian hua
于冲,Actor/Actress,die lian hua
周刍,Actor/Actress,die lian hua
苏曼意,Actor/Actress,die lian hua
强明,Actor/Actress,die lian hua
柳杰,Actor/Actress,die lian hua
朱琳,Actor/Actress,die lian hua
何兆璋,Director,wang chuan qiu shui
谢晋,Director,wang chuan qiu shui
许之乔,Scriptwriter,wang chuan qiu shui
张鸿眉,Actor/Actress,wang chuan qiu shui
强明,Actor/Actress,wang chuan qiu shui
韩涛,Actor/Actress,wang chuan qiu shui
王岚,Actor/Actress,wang chuan qiu shui
于冲,Actor/Actress,wang chuan qiu shui
季虹,Actor/Actress,wang chuan qiu shui
姜祖麟,Actor/Actress,wang chuan qiu shui
高博,Actor/Actress,wang chuan qiu shui
张逸生,Actor/Actress,wang chuan qiu shui
沙莉,Actor/Actress,wang chuan qiu shui
朱琳,Actor/Actress,wang chuan qiu shui
梁明,Actor/Actress,wang chuan qiu shui
金川,Actor/Actress,wang chuan qiu shui
罗静宜,Actor/Actress,wang chuan qiu shui
吕玉堃,Actor/Actress,wang chuan qiu shui
罗从周,Camera,wang chuan qiu shui
张石川,Producer,wang chuan qiu shui
柳中亮,Executive-Producer,wang chuan qiu shui
汤晓丹,Director,shi qu de ai qing
徐昌霖,Scriptwriter,shi qu de ai qing
金焰,Actor/Actress,shi qu de ai qing
秦怡,Actor/Actress,shi qu de ai qing
周伯勋,Actor/Actress,shi qu de ai qing
周伯勋,Stage-Manager,shi qu de ai qing
杨小仲,Director,yi xiang tian kai
陈翼青,Director,yi xiang tian kai
杨小仲,Scriptwriter,yi xiang tian kai
吕玉堃,Actor/Actress,yi xiang tian kai
章志直,Actor/Actress,yi xiang tian kai
殷秀岑,Actor/Actress,yi xiang tian kai
曹慧麟,Actor/Actress,yi xiang tian kai
屠光启,Director,nv zei
杨忠源,Scriptwriter,nv zei
屠光启,Scriptwriter,nv zei
欧阳莎菲,Actor/Actress,nv zei
顾梦鹤,Actor/Actress,nv zei
杨志卿,Actor/Actress,nv zei
陈天国,Actor/Actress,nv zei
殷秀岑,Actor/Actress,nv zei
章志直,Actor/Actress,nv zei
张琬,Actor/Actress,nv zei
朱莎,Actor/Actress,nv zei
屠光启,Director,wan huo de nv ren
欧阳莎菲,Actor/Actress,wan huo de nv ren
朱莎,Actor/Actress,wan huo de nv ren
杨志卿,Actor/Actress,wan huo de nv ren
严俊,Actor/Actress,wan huo de nv ren
薛伯青,Camera,wan huo de nv ren
徐苏灵,Director,sheng ming jiao xiang qu
刘任涛,Scriptwriter,sheng ming jiao xiang qu
顾德刚,Actor/Actress,sheng ming jiao xiang qu
王钧,Actor/Actress,sheng ming jiao xiang qu
乔奇,Actor/Actress,sheng ming jiao xiang qu
张莺,Actor/Actress,sheng ming jiao xiang qu
魏鹤龄,Actor/Actress,sheng ming jiao xiang qu
王岚,Actor/Actress,sheng ming jiao xiang qu
金川,Actor/Actress,sheng ming jiao xiang qu
康泰,Actor/Actress,sheng ming jiao xiang qu
李纬,Actor/Actress,sheng ming jiao xiang qu
房珊,Actor/Actress,sheng ming jiao xiang qu
张琬,Actor/Actress,sheng ming jiao xiang qu
高笑鸥,Actor/Actress,sheng ming jiao xiang qu
柳中浩,Producer,sheng ming jiao xiang qu
应云卫,Executive-Producer,sheng ming jiao xiang qu
桑弧,Director,yue ju jing hua
黄沙,Director,yue ju jing hua
范瑞媚,Actor/Actress,yue ju jing hua
傅全香,Actor/Actress,yue ju jing hua
徐玉兰,Actor/Actress,yue ju jing hua
王文娟,Actor/Actress,yue ju jing hua
袁雪芬,Actor/Actress,yue ju jing hua
筱小招,Actor/Actress,yue ju jing hua
吴小楼,Actor/Actress,yue ju jing hua
竺水招,Actor/Actress,yue ju jing hua
戚雅仙,Actor/Actress,yue ju jing hua
牛汉诚,Property,yue ju jing hua
倪亦非,Makeup,yue ju jing hua
唐煌,Director,xun meng ji
易文,Scriptwriter,xun meng ji
韩兰根,Actor/Actress,xun meng ji
关宏达,Actor/Actress,xun meng ji
邵华,Actor/Actress,xun meng ji
岳路,Actor/Actress,xun meng ji
文波士,Actor/Actress,xun meng ji
莲蒂,Actor/Actress,xun meng ji
文泉,Actor/Actress,xun meng ji
杜骊珠,Actor/Actress,xun meng ji
孙侠,Actor/Actress,xun meng ji
郭平,Actor/Actress,xun meng ji
杨雪如,Actor/Actress,xun meng ji
田太宣,Actor/Actress,xun meng ji
何剑飞,Actor/Actress,xun meng ji
戴学庐,Actor/Actress,xun meng ji
苏鸿,Actor/Actress,xun meng ji
高秋,Actor/Actress,xun meng ji
杜小珠,Actor/Actress,xun meng ji
王岚,Actor/Actress,xun meng ji
罗学濂,Executive-Producer,xun meng ji
裘逸苇,Producer,xun meng ji
黄贻钧,Music,xun meng ji
苗振华,Camera,xun meng ji
董健,Camera,xun meng ji
庄文郎,Editing,xun meng ji
李永周,Property,xun meng ji
韩辛,Art,xun meng ji
葛师承,Filmset,xun meng ji
戈永良,Art,xun meng ji
王沧,Filmset,xun meng ji
王铁彬,Makeup,xun meng ji
金杏庵,Stage-Manager,xun meng ji
赵小亭,Stage-Manager,xun meng ji
陈文泉,Assistant-Director,xun meng ji
傅启疆,Sound,xun meng ji
丁伯和,Sound,xun meng ji
徐昌霖,Director,shi er xiao shi de qi ji
徐昌霖,Scriptwriter,shi er xiao shi de qi ji
童芷苓,Actor/Actress,shi er xiao shi de qi ji
石羽,Actor/Actress,shi er xiao shi de qi ji
束夷,Actor/Actress,shi er xiao shi de qi ji
朱莎,Actor/Actress,shi er xiao shi de qi ji
王豪,Actor/Actress,shi er xiao shi de qi ji
林榛,Actor/Actress,shi er xiao shi de qi ji
周伯勋,Actor/Actress,shi er xiao shi de qi ji
周诗穆,Camera,shi er xiao shi de qi ji
周伯勋,Executive-Producer,shi er xiao shi de qi ji
柳中浩,Producer,shi er xiao shi de qi ji
应云卫,Director,xi ying chun
吴天,Scriptwriter,xi ying chun
魏鹤龄,Actor/Actress,xi ying chun
黄宗英,Actor/Actress,xi ying chun
李保罗,Actor/Actress,xi ying chun
范莱,Actor/Actress,xi ying chun
顾梦鹤,Actor/Actress,xi ying chun
张慧灵,Actor/Actress,xi ying chun
张伐,Actor/Actress,xi ying chun
苏曼意,Actor/Actress,xi ying chun
张雁,Actor/Actress,xi ying chun
方伯,Actor/Actress,xi ying chun
应云卫,Producer,xi ying chun
罗学濂,Executive-Producer,xi ying chun
顾温厚,Camera,xi ying chun
董克毅,Camera,xi ying chun
叶苗,Assistant-Director,xi ying chun
薛志昌,Sound,xi ying chun
沈浮,Director,xi wang zai ren jian
沈浮,Scriptwriter,xi wang zai ren jian
蓝马,Actor/Actress,xi wang zai ren jian
上官云珠,Actor/Actress,xi wang zai ren jian
吴茵,Actor/Actress,xi wang zai ren jian
傅伯棠,Actor/Actress,xi wang zai ren jian
卫江,Actor/Actress,xi wang zai ren jian
李保罗,Actor/Actress,xi wang zai ren jian
张乾,Actor/Actress,xi wang zai ren jian
张立德,Actor/Actress,xi wang zai ren jian
董霖,Actor/Actress,xi wang zai ren jian
姜祖麟,Actor/Actress,xi wang zai ren jian
许兰,Actor/Actress,xi wang zai ren jian
任宗德,Producer,xi wang zai ren jian
夏云瑚,Producer,xi wang zai ren jian
王云阶,Music,xi wang zai ren jian
郭奕耀,Camera,xi wang zai ren jian
胡振华,Camera,xi wang zai ren jian
朱今明,Camera,xi wang zai ren jian
裘葛,Camera,xi wang zai ren jian
傅正义,Editing,xi wang zai ren jian
邬廷芳,Editing,xi wang zai ren jian
牛葆荣,Filmset,xi wang zai ren jian
姚志荣,Property,xi wang zai ren jian
曹明,Costume,xi wang zai ren jian
姚永福,Makeup,xi wang zai ren jian
梁英俊,Stage-Manager,xi wang zai ren jian
郑伯璋,Sound,xi wang zai ren jian