铡美案(京剧,长春电影制片厂摄制,彩色 14本,"导演：郭维
摄影：葛伟卿 
美术指导：秦威
美术：王桂枝 
录音：康瑞新
剧务主任：胡殿国
副导演：若荪
化妆：杨士雅、王永利、张凤山 
服装：蒋文歧、王宝昆 
道具：曲学善、李德贵
照明：姜克贵
置景：张德永
绘景：吉国祥
助理导演：王枫
场记：刘玉河
剪接：刘英
司鼓：谭世秀、金瑞林
琴师：李慕良、何顺信、汪本贞
演奏：北京京剧团乐队
演出：北京京剧团","马连良-王延龄
张君秋-秦香莲 
裘盛戎-包拯
李多奎-国太 
马盛龙-陈父
张凤云-陈母 
马长礼-陈士美
刘浦勇-英哥 
颜名芳-冬妹
钮荣亮-李安 
朱锦华-太监
李四广-张三阳 
张韵斌-门官
朱今琴-家院 
赵丽秋-皇姑
谭元寿-韩琪 
郝庆海-王朝
于元龙-马汉 ","
陈士美赴京赶考，其妻秦香莲在家苦待。陈士美中状元后入赘丞相府。当香莲携儿带女来找他时，他拒不相认，将秦氏母子三人赶出府去，并派韩琪在途中杀害他们，韩琪不忍心下毒手，但又惧怕陈士美的权势，因而自刎身亡。秦香莲向包丞相告状,包丞相秉公断案，怒侧了陈士美。"
独立大队,长春电影制片厂摄制,黑白 12本,"编剧：陆柱国、王 炎
导演：王炎
摄影：王启民
美术：汪 滔、王继贤 
作曲：张棣昌
录音：陈文渊 
副导演：张普人
助理导演：张振瀛
制片：武愚
剪接：王德安
化妆：王仕儒
烟火：尚德惠
照明：徐占春
置景：邵庆祥
剧务：赵惠恒
场记：杨恩惠
服装：李子栋
道具：孙贵忠
绘景：高廷伦
演奏：长影乐团
指挥：尹升山","中叔皇-叶永茂
郭振清-马龙 
庞学勤-才飞虎
孙笑非-李登高 
达奇-牛牯
王洁人-王子奇 
刘世龙-沈阿根
史可夫-刘司令员 
马陋夫-老汉
李玉-小勤务兵 
褚大章-三中队长
刘汉璞-战士 
李自强-战士
倪长波-战士 
宋宝国-战士
崔超明-匪连长 
任颐-地主
苏芸-地主 ","
一九四六年，粤北游击队派联络员叶永茂，去说服从国民党军队中逃出的一支由马龙率领的“绿林”队伍。马龙受其结拜弟兄刁飞虎与李登高的离间，对叶永茂有戒心。刁飞虎依仗他曾救过马龙的性命，胡作非为。农民出身的新战士牛牯因不满意刁飞虎的土匪行为，带枪逃跑,要去找游击队,刁反诬他是受叶永茂的勾引。在审问时，牛牯当众揭发了刁的罪行，士兵群情激愤，要求枪毙刁飞虎。李登高替刁求情，马龙念刁救命之情，手软下来，后来，马在叶永茂的启发下，下决心整顿队伍。之后，刁、李合谋，使诈降计，马中计负伤，危急时刻，叶永茂带援兵赶到，救了马龙，打死了刁飞虎和李登高。经过这次血的教训，马龙主动要求将独立大队改为粤北游击队第四中队。"
兵临城下,长春电影制片厂摄制,黑白 10本,"改编：白刃、林农
导演：林农 
摄影：王启民、孟宪弟
美术：王兴文 
作曲：刘炽
录音：陈文渊 
副导演：荆杰
剪辑：周莹箴
化妆：姚玉宝
绘景：吉国祥
特技美术：陶世恭
特技摄影：刘春海
制片：刘水航
演奏：长影乐团
指挥：尹升山","赫海泉-赵崇武
中叔皇-郑汉臣 
张然-钱孝正 
庞学勤-李忠民 
李默然-姜部长 
陈汝斌-范国良 
王秋颖-胡高参 
王守全-蒋家训
刘惠明-林秋兰
白玲-罗曼 
崔超明-马军长
王澍-牛师长 
弓弢-董彪 
白之光-侯长发 
宋永堃-刘喜才 
张园-杨玉芳 
任伟民-小个子兵
张冲霄-大个子兵 
刘荣春-王班长
刘玉山-老汉","
根据白刃、洛丁、李树楷同名话剧改编。
解放战争时期，东北某城的国民党守军处于我军包围之中。为了争取蒋军非嫡系部队三六九师起义，我东北民主联军将被俘的敌三六九师师长赵崇武的亲信团长郑汉臣夫妇释放，并代为郑寻找失散的孩子，使郑深受感动。郑回城后，受到特务的怀疑，赵崇武的部队更受到蒋军嫡系部队二〇三师的排挤与监视，郑太太受到二〇三师某连长的侮辱，从而更加深了敌人内部的矛盾。民主联军派姜部长以给郑送孩子为由，化装前往劝说赵崇武弃暗投明,但赵迟迟下不了起义的决心。不久,姜部长和郑的联系被蒋军嫡系亲信安插在二〇三师的参谋长钱孝正发现，钱企图逮捕姜、郑。这时，刚晋升官爵的赵崇武，怕受连累，命令郑把姜送走.之后,前来视察的国民党高级参谋胡高参命令赵崇武的师担任突围的主攻任务。敌人第一次突围遭到我军的沉重打击，赵负伤并受到胡高参的严厉斥责，接着赵又发现蒋介石指示胡高参突围后铲除他的密电，赵在四面楚歌、幻想破灭的情况下，决定率部起义。他们逮捕了胡高参、打死了钱孝正，迫使蒋嫡系二○三师投降。"
英雄儿女,长春电影制片厂摄制,黑白 12本,"改编：毛烽、武兆堤
导演：武兆堤
摄影：舒笑言
美术：徐渭、王崇 
作曲：刘炽
录音：黄力加 
作词：公木
制片：孙明珠
副导演：张其、刘文华
化妆：张立棠
剪辑：祖述志
特技美术：蔡光
特技摄影：阎序忠
烟火：尚德惠
演奏、演唱：长影乐团、北京电影乐团、总政文工团、空政文工团、前卫歌舞团
指挥：胡德风、尹升山","田方-王文清
周文彬-王复标 
刘尚娴-王芳
刘世龙-王成 
褚大章-赵国瑞
郭振清-张振华 
浦克-金正泰
刘效国-小刘 
赵文瑜-朴贞子
任颐-吴军长 
王延盛-朝鲜人民军联队长
柏瑞桐-田玲 
王宝顺-步话员
李万城-李永录 
赵宝华-赵金贵
刘彤彦-警卫员 ","根据巴金小说 《团圆》改编。
抗美援朝期间，志愿军某师政治委员王文清，在朝鲜战场上偶遇老战友王复标之子王成，得知王成的妹妹王芳也在军中工作。此后，王成牺牲，全军开展了向王成学习的运动，在这个时候王文清见到了王芳，认出她就是自己十八年前失散的亲生女儿，但却没有立即认她，而是鼓励她向哥哥学习。一次，王芳在阵地上为炊事员演唱王成的英雄事迹时，敌人炮火突然袭来，王芳为掩护炊事员而负伤，被送回祖国养伤。不久，王复标随慰问团赴朝慰问，王芳也伤愈归队，三人团圆，王复标将真情告知王芳，王文清勉励王芳做一个革命的接班人。"
红管家(京剧),长春电影制片厂摄制,彩色 6本,"编剧：林曾信
导演：蔡振亚 
摄影：方为策
美术：董 萍 
音乐设计：葛绥之、周乃礼、彭永福、张禹田
录音：张剑平
舞台导演：高加麟、张建文
副导演：荣磊
制片：常德荣
剪辑：周莹箴
化妆：姚玉宝
演出：河南省京剧团
演奏：河南省京剧团乐队、长影乐团民族乐队","周喜本-聂小江
耿照芳-大队长 
胡兰梅-丁小玉
宋又声-老支书 
侯桂先-丁三婶","
生产大队会计聂小江丰收不忘节约，坚持原则。丁三婶为了给女儿小玉买布做衣裳，找小江借钱，遭到拒绝，她很生气。后来，小江把母亲卖鸡蛋准备买布的钱借给了丁三婶。小玉以为小江不坚持原则，徇私情将集体的钱给自己的妈妈，她很生气，要去批评小江。继之，大队长丁金山为了庆祝丰收，准备请不正当812的剧团演旧戏。小江反对大队长铺张浪费。老支书表扬了小江坚持原则的精神,并帮助大队长认识了错误。这时,在场的丁三婶深受教育，批评小江不该借钱给她。小玉出来说明了情况，老支书也乘机道破小江和小玉的爱情秘密，丁三婶高兴得合不上嘴。最后，大队长因推掉了剧团的演出，正准备向前来看戏的群众进行解释时，小玉提出上演她们排演的新戏《夺印》，帮助队长解决了困难。"
好媳妇(京剧), 长春电影制片厂摄制,,"编剧：蔡振亚
导演：蔡振亚 
摄影：方为策
美术：董萍 
音乐设计：刘世康、周乃礼、张禹田
录音：张剑平
舞台导演：朱义、马万楼、许振华
副导演：荣磊
制片：常德荣
剪辑：周莹箴
化妆：姚玉宝
演奏：河南省京剧团乐队、长影乐团民族乐队
演出：河南省京剧团","高俊英-李大娘
吴韵芳-淑芳 
孙志远-二妞
李佩君-金贵嫂 
张建文-长松叔","
青年女生产队长淑芳关心集体，婆婆李大娘却埋怨她“心眼不够数”,光为集体不为个人。一天，李大娘叫淑芳去锄自留地，淑芳见队里的谷苗有人锄的质量不好，就重新锄了一遍。金贵嫂因锄地不干净，记工员二妞扣了她的工分，她请李大娘向淑芳说813情。淑芳坚持原则，大公无私，金贵嫂败兴而归。可是二妞忽然把扣她的工分还给了她，老支书还决定奖励她两分，弄得金贵嫂莫名其妙，她到地里一看，才知道淑芳替她把地又锄了一遍。金贵嫂心中非常惭愧。要把队里奖给她的工分给淑芳，淑芳不要，这时老支书来了，他不了解实情，又把金贵嫂表扬一番，弄得金贵嫂哭笑不得。李大娘听说淑芳没锄自留地，非常生气，扛起锄头下地去了。她到自留地一看，地已锄得干干净净，她以为是儿媳故意和她开玩笑。回到家里一问，才知道是老支书见淑芳整天因公忘私，主动替她锄了自留地。事实教育了李大娘，使她纠正了对媳妇的错误看法。"
南海的早晨,,,"编剧：赵明
导演：朱文顺 
摄影：包杰
美术：李俊杰 
作曲：娄彰后
录音：佟宗德 
副导演：林克
特技摄影：李晰倩
特技美术：白天民
化妆：迈新剪辑：丁淑贤
制片：张敬平
演奏：长影乐团
指挥：陈传熙","胡乐佩-田秀英
李亚林-金牛 
史可夫-王书记
王丽君-田大妈 
李希达-田世雄
马世达-张参谋长 
盛林中-李处长
邵万林-武装部长 
苏剑峰-许花
于仲莲-杨亚妙 
于福来-许旺
李承伟-安仔 
章薇-聂玉娇
郭琪-陈美娟 
叶琳琅-陈官运妻
崔超明-邱正光 
方化-陈官运
宋德望-项主任 
于飞-哈瑞
王洁人-邹复兴 
金励-够刺激
顾谦-老苟 ","
一九六二年，美蒋叫嚣窜犯大陆的消息传到南海某渔村。村里的地主婆聂玉娇暗地搜集我海防情报，提供给逃至香港当特务的三弟陈官运，并鼓动其侄女陈美娟拉拢不安心会计工作的高中毕业生田世雄逃往香港。大队党支部书记、民兵队长田秀英多次对弟弟田世雄进行批评帮助，田世雄不但不听姐姐的劝告，反而离家去广州找工作。聂玉娇见拉拢田世雄的阴谋未得逞，又派陈美娟携带情报前往香港，陈在途中被捕。田世雄回村后，得知陈美娟被捕的消息后，才醒悟过来。不久，美蒋派国民党先遣军第一纵队司令邱正光，率敌特伪装成我解放军登陆，聂玉娇正要配合敌特行动时被民兵逮捕。秀英率民兵配合解放军全歼了敌特。几天后，陈官运率第二批敌特登陆，也被全歼。生产大队长金牛过去由于思想麻痹，只抓生产，忽视海防工作，通过敌人登陆事件，也认识到了自己的错误。"
女跳水队员,,,"编剧：耿耿
导演：刘国权 
摄影：吴国疆
美术：刘金乃 
作曲：全如玢
录音：袁明达 
作词：乔羽
副导演：常甄华
制片：牛景纯
化妆：李景文
剪辑：杨秉坤
演奏：长影乐团
指挥：陈传熙","张克镜-陈晓红
曾绍美-黄桂兰 
王应辅-王振强
黎振德-周宾 
郑德倩-高丽梅
董茜莉-林志清 
卢桂兰-张老师
王执芳-丁大夫 
张慧君-李娟娟
红冰-老奶奶 
常甄华-高副市长
尹黎明-陈小弟 
陈小羽-小苗","
湛江市中学生陈晓红利用业余时间学跳水，在体校王教练的指导和同伴高丽梅、黄桂兰等人的帮助下，获得全国少年女子跳水冠军后，她被成绩冲昏了头脑，渐渐骄 傲 起 来。后来，王教练提升当教导主任。新来的周教练有严重的个人主义思想，他用名利思想影响晓红，为晓红拟定了一个过高的训练计划。王对周拟定的计划提出了意见。一个多月后，在全国跳水比赛中，周教练不切实际地临时决定晓红跳高难的“5311”动作。比赛结果，晓红这项动作得了零分，她心里很难过。经过老师和同学们的帮助，晓红受到很大教育和启发。周教练也认识到自己的错误。但由于精神作用，晓红始终突不破“5311”这一关。一次，晓红为抢救落水儿童，从十几米高的悬崖上跳到湖里，无意中竟成功地跳了“5311”动作。最后，陈晓红和她的同伴高丽梅、黄桂兰在全国优秀运动员选拔赛中获得了优秀成绩，并被选为代表，前往北京参加国庆活动。"
彩蝶纷飞(民间歌舞集锦),,,"导演：朱今明
摄影：高洪涛、聂晶 
录音：吕宪昌、张家克
美术：秦威、杨予和
绘画：叶浅予
序曲：杜鸣心
剪辑：傅正义
照明：张海山、赵新鸣
绘景：李振华
服装：王峰
化妆：范青山、徐广南
特技美术：刘鸿文
特技摄影：陈晨
制片：李秉忠
演奏：中央民族歌舞团乐队、北京电影乐团、东方歌舞团乐队
演出：东方歌舞团、中央民族歌舞团、中国人民解放军总政治部文工团歌舞团、贵州省黔东南苗族自治州歌舞队","
主要演员：阿依吐拉、崔美善、刀美兰、莫德格玛、欧米加参、左哈拉等","
影片包括我国各民族十二个民间歌舞节目，有：蒙族民间舞《盅碗舞》、维吾尔族民间舞《鼓舞》、塔吉克族的《牧羊女》、彝族的《笛舞》、佤族民间舞《春臼》、黎族的《草 舞》、哈尼族的《采茶舞》、傣族民间舞蹈《赶摆的路上》、藏族民间舞《草原上的热巴》等。"
小铃铛,,,"编剧：谢添、陈方千
导演：谢添、陈方千
摄影：张庆华
美术：杨予和 
作曲：乔谷
录音：傅英杰 
剪辑：朱小勤
助理导演：吴国光
照明：王琦珊
化妆：范青山
特技摄影：张尔瓒、李庆春
特技美术：门玉凤
制片：李秉忠、王志敏
木偶艺术指导：周易人
木偶设计、制作：刘霁、素万金、聂呈祥、李宝芬
演奏：北京电影乐团、中国木偶艺术剧团乐队
指挥：冯光涛、任兆学
演出：中国木偶艺术剧团","
石小满-小满
马佳-小佳 
关维吉-小铃铛表演者
主要木偶表演者-关剑青、冷福记、李乾元、窦玉如、路夷、张跃荷、李云鉴、司梅竹","
一对小兄妹拾到一个外号叫“小铃铛”的报幕木偶。妹妹小佳主张立刻送还剧团，哥哥小满不同意，硬要先玩一会再还，并且调皮地抱起小铃铛跑了。之后，小满一个人躲在公园的摇船上睡着了。
在奇异的梦幻中，小铃铛活了，不但和小满交上了朋友，还对小满提出了批评。小满接受了批评，将小铃铛送回剧团，并且应邀参加了演出。在演出中，一个长得和小满一样的“巨人”把818小铃铛当场抢走。小满非常气愤，他勇敢地向“巨人”追去，但又追不回来，急得他哭起来。醒来后，小满觉得妹妹的话有道理，就把小铃铛交还失主，保证了木偶剧团的演出。"
青年鲁班,,,"编剧：史大千
导演：史大千 
摄影：于振羽、徐孝先
美术：张先得 
作曲：苏民
录音：刘士达 
剪辑：邵养珍
化妆：冯桂香
照明：杨永纯
制片：杜子、曹增银
演奏：北京电影乐团
指挥：冯光涛
合唱：中国铁路文工团歌剧团
指挥：亢杰","毕鉴昌-李三辈
李长乐-秦淑贞 
王 斑-高师傅
张璋-韩技术员 
张莹-陈书记
方辉-刘主任 
李孟尧-袁师傅
李健-高大娘 
郑保民-小胖子
王善尊-高小林 
吴素琴-吴大姐
葛存壮-工程师 
俞立文-罗玉生
曹昌焕-小张","青年建筑工人李三辈出身贫苦，解放前家中三辈人都讨过饭，解放后，三辈参加了工作，但由于没有文化，学习时感到很吃力。刚从大学毕业的女技术员秦淑贞，开始看不惯这个笨拙的819学生，错怪三辈学习不用功，两人发生误会。后来小秦了解了三辈的过去，深受感动，耐心地帮助三辈学文化，两人逐步建立了友谊和爱情。三年后，三辈的文化程度显著提高。在改革木工技术中的一项比较落后的工作方法“放大样”时，三辈由于忽视向老工人学习技术经验，遭到失败。后来在一次试验中，他不慎掉伤，出事后受到工地领导的批评和不怀好意的韩技术员的攻击,秦淑贞则热情地鼓励和帮助他，他鼓起勇气终于改革成功，提前完成了任务。"
小二黑结婚,,,"改编：干学伟、石一夫
导演：干学伟、石一夫
摄影：孟庆鹏
美术：池宁、晓滨 
作曲：乔谷
录音：吕宪昌 
化妆：孙月梅
剪辑：顾德荣
照明：赵国发
副导演：于清
制片：杜子
演奏：北京电影乐团
指挥：冯光涛","俞平-小芹
杨建业-小二黑 
赵子岳-二诸葛
周婷-三仙姑 
葛存壮-金旺
郭筠-于福 
李百万-区长
于绍康-村长 
阎增和-兴旺
陈立中-媒婆 
李健-二黑娘
杨静-二嫂 
郭书田-铁蛋爹
程学钦-铁蛋 
周森冠-酒馆掌柜
谢砚琴-小莲 ","
根据赵树理同名小说改编。
抗日战争时期，刚刚解放的山西某县刘家峧村，民兵队长二黑和妇女委员小芹产生了爱情。二黑的父亲刘修德，外号叫二诸葛，满脑瓜的迷信思想，以二黑与小芹命相不符为由，反对他们的婚事，坚持要将收养的九岁养女做二黑的童养媳。村武委会主任金旺和村委员兴旺兄弟俩，早年曾勾结汉奸、土匪，干了不少坏事，他们怕将来二黑夺了他们的权，因此对二黑和小芹的爱情千方百计进行破坏和打击。一次，金旺想调戏小芹，碰了钉子后，恼羞成怒，以二黑装病、不参加民兵集训为借口，要斗争二黑。金旺的老婆也以小芹“自由恋爱有伤风化”为由，要斗争小芹，但均被村长制止。二黑在村长的支持下，发动群众揭发金旺兄弟的罪行。金旺更怀恨在心，在企图污辱小芹未逞后，又威胁小芹的母亲三仙姑，强行把小芹许给一个退伍的国民党军队的团长。小芹拒婚，被母亲禁闭，深夜她越窗逃出去找二黑，恰巧被金旺兄弟看见,他们声称“捉奸捉双”,将二黑和小芹捆起来送区政府。但是，区长对金旺兄弟的胡作非为都已调查清楚，当场将他们扣押起来，并说服了二诸葛和三仙姑。二黑和小芹在区长的支持下，终于争取到婚姻自主。"
千万不要忘记,,,"改编：谢铁骊、丛深
导演：谢铁骊
摄影：李文化
美术：晓滨 
作曲：李凝
录音：刘士达 
剪辑：齐玉玲
化妆：冯桂香
照明：杨永纯
制片：杜子、马少孔
演奏：北京电影乐团
指挥：姚关荣","罗玉甫-丁少纯
彭彧-姚母 
秦文-姚玉娟
张平-丁海宽 
张伦-丁爷爷
毕鉴昌-季友良 
崔萍-丁少真
陈树新-丁母 
刘乞-大刘
马尔路-二姐夫 
李健-季母","根据丛深同名话剧改编。
工人家庭出身的某电机厂青年工人丁少纯，原来工作积极热情，自从与家庭出身不好的姚玉娟结婚后，受岳母的影响，走上了追求生活享受的邪路，从此，工作消极，屡出事故。虽然其父丁海宽及好友季友良多次对他提醒，但毫无作用，以至于在岳母的怂恿下，他不惜旷工去打野鸭子，离开岗位时，慌乱中把家门上的钥匙掉在厂里的大电机里。岳母为了哄骗少纯，又配了一把钥匙，将自己原来的那把钥匙假充是少纯丢失的钥匙，险些给厂里酿成重大事故。幸亏丁少纯的父亲及时发现并帮助找到丢失的钥匙，才避免了事故的发生。少纯通过这件事，又经过父亲和同志们的帮助教育，终于觉悟。姚玉娟也从中吸取了教训，和母亲划清了思想界限。"
草原雄鹰,,,"改编：武玉笑
导演：凌子风、董克娜 
摄影：钱江
美术：杨予和 
作曲：邵光深
录音：傅英杰 
副导演：李宝兰
副摄影：王兆麟
化妆：邵杰
剪接：战强
照明：徐和庆
制片：何云、张起
演奏：北京电
影乐团 指挥：冯光涛 ","阿不都拉赫曼·阿瓦孜-卡得尔
努尔尼莎·司玛依-阿米娜 
萨得克-阿 力 
里坡-刘书记 
斯拉基丁·斯拉音-伊犁场长 
沙黑-哈森 
热比亚·巴拉提-玛依拉 
阿不都克里木·艾利-卡生拜克
托乎提·艾则孜-康拜尔 
帕它木·热一丁-卡以夏 
玛黑拜代儿·达乌提-古丽奇
萨尼亚·莫玛汉-贝贝什","根据话剧《远方青年》改编。
大学生阿力和阿米娜毕业后被分配到天山伊犁马场工作，在这里阿米娜碰到了中专时期曾经与她要好过的同学卡得尔。卡得尔热情地为牧民服务，爱护马群，受到牧民的称赞。阿力沽名钓誉，骄傲自满，一心想成名成家；阿米娜则埋头理论研究，轻视实践。他们都看不起卡得尔。在一次给患肠套叠的病马动手术时，阿力害怕手术失败会给自己带来不好的影响，将手术推给了卡得尔，卡得尔为了铲除马的肠套叠疾病，不顾阿力的讽刺打击，也不因一次又一次的失败而气馁，坚持进行试验，使病马剖腹的手术终于获得成功。继之，阿米娜在一次母马难产、小驹佯823死的情况下束手无策，卡得尔热情地帮助了她。现实教育了阿米娜，她决心向卡得尔学习，并渐渐对卡得尔产生好感。阿力想偕勘察草场的工作一举成名，不进行艰苦的调查，不请示领导就莽撞地将马群调到气候多变的黑山牧场去，造成了母马流产的事故。卡得尔奋不顾身地顶着风暴前往抢救，才避免了重大事故。最后，党组织和群众帮助阿力认识了错误，使他走上了正确的道路，三人并肩前进。"
箭杆河边(曲剧),,,"改编：王素稔
导演：许珂、马尔路 
摄影：陈国梁
美术：陈翼云 
音乐：关巩声、刘书方
录音：傅英杰
唱腔指导：韩德福
副导演：阙文
剪辑：齐玉玲
照明：赵树平
化妆：高建清
制片：何云、于方
演奏：北京市曲剧艺术剧团曲剧队","李宝岩-老庆奎
魏喜奎-玉芳 
黄坚-玉柱
王凤朝-二赖子 
周森冠-老吴头
程汉焜-保华 
刘久增-武装部长
谢砚琴-会计 
方世燕-夏花
佟大方-佟善田 
孙砚琴-佟何氏
张新元-小龙","根据刘厚明的同名曲剧改编。824
一九六二年夏，盘踞台湾的蒋介石军队叫嚣反攻大陆的消息传到北京郊区佟各庄后，地主分子佟善田乘机造谣破坏，妄图配合蒋军反攻大陆。佟各庄生产队党支书、模范饲养员庆奎老汉和妇女主任玉芳等经过研究，认为谣言出自佟善田，建议撤换掉佟善田的车把式。年轻的生产队长玉柱只顾生产，被地主的花言巧语所蒙蔽，他借农忙为理由，不接受庆奎等人的意见。经过生产队党支部开会决定，撤换了佟善田的车把式，玉柱思想仍然不通。佟被撤换后，拉拢落后分子二赖子，并破坏了箭杆河边的小桥，企图暗害庆奎，幸被玉柱发现。佟又企图谋杀玉柱，被群众当场逮捕。这时，玉柱的姐姐玉芳也查明了十三年前杀害他们父亲的凶手正是佟善田，玉柱这才醒悟过来。"
青山恋,,,"编剧：艾明之、赵丹、徐韬、钱千里
导演：赵 丹、徐韬、钱千里 
执行导演：钱千里
摄影：邱以仁、范厚勤 
美术：黄剑锋
作曲：王云阶 
录音：林秉生
化妆：周梦蕾
剪辑：周鼎文
制片：沈建华
演奏：上影乐团
指挥：陈传熙","赵丹-路春
高博-詹国才 
祝希娟-山雀
吴文华-徐英 
黄达亮-寄望
周康瑜-王德华 
祁明远-马根全
谢怡冰-林大妈 ","
一九五九年春，老红军路春从部队复员回到离别二十多年的家乡，创建伐木场。建场初期，来了一批上海知识青年，他们虽然朝气蓬勃，但却有着各种各样的动机和理想。，有些人踏踏实实，安心工作；有些人挑肥拣瘦，强调个人的兴趣和才能。中专毕业生寄望，以为自己有技术，一心想搞技术工作，不愿干体力劳动的活，不安心工作，以致于运送木料时发生了翻车事故，但他并没有从错误中吸取教训，并拒绝了女友徐英的善意劝阻，周情绪开了小差。后来在路春的帮助和教育下，提高了觉悟，改正了缺点，安心在林区工作了。"
阿诗玛,,,"编剧：葛炎、刘琼
导演：刘琼  
摄影：许琦
美术：丁辰  
作曲：罗宗贤、葛炎
录音：苗振宇 
文学顾问：李广田 
副导演：江雨声 
舞蹈设计：茅迪芳、任平
绘景：林福增 
剪辑：陈祥兴 
特技设计：李智杰
特技摄影：蒲维仲、沈维康
化妆：姚永福
服装设计：支光吕再良
制片：陈忠豪 
演唱者：胡松华、杜丽华、刘明义、靳小才、程振华 
声乐指导：罗宗贤 
合唱：上海合唱团
指挥：司徒汉
演奏：上海乐团
指挥：陈传熙
演出：云南人民艺术剧院歌舞团","杨丽坤-阿诗玛
包斯尔-阿黑 
韩非-阿支
崔超明-热布巴拉 
黄琼英-阿支母
柳杰-阿诗玛母 
冯奇-海热
姑娘们：白文芬、乐水智、孙秀珊、沙玉美、李龙珠、吴丽华、张枏、杨桂珍、赵楚玉、马慧仙、殷佩娴、曹荃弟
小伙子和黑衣人：尹少波、王乃文、龙翔、严学恒、何少林、陈宣笙、周培武、杨镇安、殷福刚、马志新、谢棣达","根据同名长诗改编。
在阿着底的地方，有一个美丽的白族姑娘阿诗玛，与勤劳勇敢的青年阿黑相爱。头人热布巴拉之子阿支慕阿诗玛的美丽，欲霸占阿诗玛。阿支先调戏阿诗玛，未遂；继之，让媒人海热带着厚礼前去逼婚，又被阿诗玛拒绝；后，头人趁阿黑去远方牧羊之机，派人将阿诗玛劫走。途中，阿诗玛将与阿黑定情的山茶花掷入溪中，溪水倒流，传信给阿黑。阿黑急急赶回来救阿诗玛，被大山所阻，他用神箭射穿了大山，开出了一条路。阿支用尽种种威胁利诱的手段，都不能使阿诗玛屈服,他恼羞成怒,正要举鞭毒打阿诗玛的危急关头，阿黑飞马赶到。阿支提出要和阿黑赛歌，他们赛了三天歌，阿支赛输了，又企图用暗箭杀害阿黑。阿黑愤怒地用神箭射穿寨门和大厅的柱子，箭射在神生牌位上，任凭家丁们如何用劲拔，都拔不动。头人无法，只得将阿诗玛释放。阿诗玛和阿黑骑着马愉快地回家，他们来到溪边，被这美丽的景色吸引住了，就下马玩耍。阿支带人偷走了阿黑的神箭，放洪水淹死阿诗玛。阿黑悲痛地呼唤她的名字，水中出现阿诗玛的化石。"
丰收之后,,,"改编：沈浮、徐韬
导演：徐韬 
摄影：许琦
美术：丁辰 
作曲：王云阶
录音：陆仲伯 
特技设计：肖镇
特技摄影：孔基成
剪辑：沈传悌
化妆：田志高
制片：吴承镛
副导演：王大卫
演奏：上影乐团
指挥：王云阶","王玉梅-赵五婶
郭殿昌-赵大川 
高如平-王宝山
袁耀东-徐大叔 
刘桂芳-王小梅
贾仲谦-王学孔 
刘子云-王老四
丁立华-老四妻 
杨振兴-赵志明
邵力-赵洪奎 
孙传信-王广义
仲星火-赵志海 
杜非-王富山
王天云-王爷爷 
汪知秀-赵春英
王青莲-吕大娘 
房向南-小顺子","根据同名话剧改编。
一九六二年；山东省胶东山区靠山庄大队农业获得丰收，大队党支部书记赵五婶主张在交足公粮、安排好社员生活、留足种子粮和储备粮后，把余粮卖给国家，支援社会主义建设。五婶的丈夫大队长赵大川，在坏分子王学孔的煽动下，自作主张地把余粮交给驴贩子出身的王老四去调换牲口。五婶抵制丈夫的本位主义思想，派人截回粮食，并揭发了王学孔和王老四合伙进行投机倒把的行为，使丈夫醒悟过来，把余粮卖给了国家。"
李善子(未发行),,,"改编：王 炼
导演：郑君里 
摄影：罗从周、冯四知、王志初
美术：胡登仁
作曲：葛炎
录音：周恒良 
剪辑：朱朝升
特技设计：姜亦素
特技摄影：戴胜潮
化妆：姚永福
绘景：林福增
副导演：颜碧丽、朴咏一
制片：毕立奎
演奏：延边朝鲜族自治州歌舞团民族乐队、上影乐团
指挥：安国敏、陈传熙","张瑞芳-李善子
张雁-崔镇午 
林彬-福善婶
康泰-崔官弼 
温锡莹-朴致旭
王琪-安炳勋 
赵矛-风焕
史淑桂-英爱 
路明-吴氏
智世明-许氏 
范雪朋-卢氏
张文蓉-元淑 
吴云芳-顺实
包奎生-吉男 
茂路-姜致三","根据朝鲜赵白岭话剧《红色宣传员》改编。
平壤郊区农业合作社的女宣传员李善子，遵照金日成首相的829教导，以细致的思想工作感染落后群众参加集体劳动。小商贩出身的福善婶，不爱参加集体劳动，还经常搬弄是非。
二流子官弼，不安心农村劳动，想进城找工作。李善子与官弼的女友英爱一起帮助他。官弼听信福善婶的挑拨，误会是李善子破坏他与英爱的婚姻，对李善子很有意见。
李善子了解到福善婶的亲人在战争年代被美帝国主义的飞机炸死的不幸遭遇后，处处在生活上关心她，使福善婶感到社会主义大家庭的温暖。官弼也在福善婶和英爱的解释下，消除了对李善子的误会。但由于资产阶级思想的发展，官弼仍然不顾李善子的劝告，离开农村去平壤找工作，途中他看见李善子奋不顾身堵塞江渠漏洞的英勇行为，很受感动，终于醒悟过来。
官弼的父亲崔镇午，私心比较重，做活偷工减料。一次，崔镇午因干活偷工减料，受到群众的批评，李善子要他返工，他一气之下躺倒装病不下地。李善子主动送药上门，又遭到崔的抢白。后来，崔发现李善子代他干活昏倒在田里的情景，很受感动。
在善子的带动和群众的努力下，农业社获得大丰收。官弼与女友英爱又重归于好。李善子受到金日成首相的接见。"
白求恩大夫,,,"编剧：张骏祥、赵拓
总导演：张骏祥
总摄影：吴印成
导演：李舒田、高正 
摄影：马林发、寇纪文
美工：韩尚义
作曲：吕其明
录音：吴江海 
化妆：乐羽侯
剪辑：朱朝升
制片主任：徐进
演奏：上海电影乐团
指挥：姚笛","谭宁邦-白求恩
村里-方兆元 
英若诚-童秘书
邢吉田-于部长 
吴雪-司令员
杨在葆-徐连长 
陈立中-孟奶奶
田华-老冯 
何立己-小邵
师伟-贾护士 
仲星火-老张","根据周而复同名小说改编。
加拿大劳工进步党党员、著名外科医生诺尔曼·白求恩，一九三八年来到中国延安，同年六月进入晋察冀根据地，帮助中国人民的抗日斗争，他带领的流动医疗队活跃在山西、河北两省。白求恩总是亲临前线，就地施行手术，使伤员的死亡率大大降低。在医疗的同时，他还给八路军医护人员传授医疗技术，对工作极端的负责任，对同志对人民极端的热忱。有一次，白求恩在做手术时，手指割破遭感染，无法医治，不幸逝世。"
家庭问题,,,"改编：胡万春、傅超武
导演：傅超武 
摄影：卢俊福
美工：何瑞基 
作曲：萧珩
录音：龚建清 
剪辑：张驾珊
化妆：杨龙生
导演助理：张鸿眉
制片：迟习道
演奏：上影乐团
指挥：吕其明","张伐-杜师傅
张良-杜福民 
赵联-杜福新
谢怡冰-妈 妈 
宏霞-秀英
张翼-李厂长 
张小玲-小玲
宣景琳-外婆 
吴茵-大姨妈
苏茵-小姨妈 
高笑鸥-王主任
于冲-徐师傅 
张鸿眉-阿强","根据胡万春同名小说改编。
钢铁厂工段长杜师傅的小儿子福民，中专毕业后被分配在杜师傅领导的车间当见习技术员。杜师傅发现福民有轻视体力劳动的思想，决定让他到车间当工人，从劳动中锻炼提高。可是福民却一心想当技术员和工程师，对爸爸很有意见，回家向母亲倾诉自己的委屈，得到了母亲的支持。于是，杜妻就请来了婆婆和大姨妈、小姨妈，联合围攻杜师傅，给福民说情，结果未能如愿。杜妻怕小儿子离家出走，硬要杜师傅向厂长要求让福民留做技术员。杜师傅看到要帮助福民，首先必须帮助老伴克服“望子成龙”的旧思想，于是他利用老伴不识字的弱点，写了一张叫厂长批评帮助福民妈的字条。福民妈拿着字条找厂长，正巧看到厂长送女务农的情景，很受教育，她没替儿子讲情就尴尬地走了。福民虽然在车间劳动，但觉得没有用武之地。在一次技术革新中，他闭门造车，设计了一张不切实际的图纸，后来经过哥哥福新的帮助，才设计成功。在试制当中，缺少两个皮带盘，杜师傅叫福民，福新到废料堆去寻找，而福民竟将别的车间的新皮带盘拿了来，受到杜师傅的严厉批评。通过这一系列事实的教育以及父亲和同志们的帮助，福民改正了缺点，迅速地成长起来。"
霓虹灯下的哨兵,,,"改编：沈西蒙
导演：王苹、葛鑫 
摄影：黄绍芬
美术：张汉臣、徐克己 
作曲：吕其明
录音：丁伯和 
导演助理：王洁、吕薇
特技摄影：陈渭沧
特技设计：曹有光
剪辑：诸锦顺
化妆：倪亦非、陈云
制片：沈锡元
演奏：上影乐团
指挥：吕其明","徐林格-路华
宫子丕-鲁大成 
马学士-陈喜
袁岳-赵大大 
廖有梁-童阿男
刘鸿声-洪满堂 
陶玉玲-春妮
丁尼-周德贵 
王士学-周阿荣
吴斌-童妈妈 
张耐霞-童阿香
余肖梅-林媛媛 
李传弟-罗克文
李恩琪-林乃娴 
姜曼璞-曲曼丽
安家祥-老K 
金甲-老七
桂步云-非非 
袁之远-戴维斯","根据沈西蒙同名话剧改编。
解放初期，人民解放军的一个连队，进驻上海最繁华的南京路后，面对着资产阶级“糖衣炮弹”的进攻,“香风”毒气的腐蚀，排长陈喜受资产阶级“香风”的熏染，扔掉有补钉的布袜833子，忘掉了解放军艰苦朴素的老传统。新战士童阿男，没有经受过严格的阶级斗争锻炼，有自由主义倾向，受了批评就擅自离开了部队，班长赵大大不习惯驻在这种花花绿绿的闹市里，认为有劲使不上，要求回到有仗打的地方去。连长鲁大成和指导员路华，等，迅速觉察到问题的严重性，他们从阶级教育入手，进行“敌前练兵”正当童阿男离开连队，准备和资产阶级家庭出身的女友林媛媛去南京投考军政大学时，在林家他受到了林母的侮辱并被赶出了大门。继之，姐姐童阿香又遭到特务的谋害，幸被路华救下，路华因势利导，请来童阿男的母亲和老工人周德贵，向全连战士进行阶级教育，终于使陈喜、赵大大、童阿男提高了阶级觉悟，积极参加了这场灭资兴无的斗争。不久，美帝国主义发动侵朝战争，陈喜、童阿男被批准参加志愿军赴朝作战。"
血碑,,,"改编：集体，李洪辛执笔
导演：高衡 
摄影：曹威业
美术：王月白 
作曲：寄明
录音：伍华 
剪辑：周国柱
化妆：李萍
特技设计：张玉珊
特技摄影：梅云熹
副导演：贺路
制片：陶侃
演奏：上影乐团
指挥；陈传熙
讲解员：曹雷
助理导演：张惠均","魏鹤龄- 林有山
上官云珠-林有山妻 
郑嘉森-林志刚
武也文-菊英 
李保罗-王老爹
梁明-江奶奶 
穆宏-吴展成
韩非-吴天豹 
于明德-金三
顾也鲁-范科长 
郑敏-伪法院院长
陈述-巫推事 
于飞-商律师
高笑鸥-书记官 
保琪-姨太太
于振寰-仆人 
石灵-老传达","根据越剧《杨立贝》改编。
一九三〇年，浙江西部山区贫苦农民林有山，不堪忍受地主吴展成的压迫，垦荒三年，开辟了一小块赖以活命的无主荒地，并向官府缴了税，领了地契。地主吴展成的儿子吴天豹意欲强行霸占。林妻与他论理，反遭迫害，青苗被毁，地契被撕，婴儿被摔死。林有山相信国民党县政府衙门能为民伸冤而去告状，反被打下冤狱。林妻忍无可忍，告到伪浙江省法院。审理案件的巫推事玩弄花招，表面释放林有山，假意传讯吴天豹，把林有山作了他升官发财的阶梯。林有山回到家乡，见房子被烧毁，妻子被惨杀，儿子志刚被逼逃亡，他怀着满腔冤愤，又携带女儿菊英，千里跋涉到南京，向伪最高法院告状，却被逐出门外，他舍身拦车喊冤，又遭凌辱。吴展成想用金钱收买林家父女，遭到林有山的拒绝、痛斥。继之，林有山身背黄榜，在南京大街小巷向过往行人伸诉冤情，揭露地主和贪官污吏的罪恶。反动当局非常恐惶，害死了林女菊英，将林有山关进疯人院。十年后，林从疯人院回到家乡，刻下一块要子孙后代记住这阶级深仇的碑石，然后含冤碰碑自尽。一九四九年，林有山的家乡得到了解放，他的儿子志刚参加了解放军，随军回到故乡，公审了地主吴天豹，林有山的冤仇终于得到了昭雪。"
集体有余(动画、未发行),,,,,
草原英雄小姐妹(动画),,,,,
画 像(杖头木偶),,,,,
路边新事(木偶),,,,,
半夜鸡叫(木偶),,,,,
四点半(木偶),,,,,
冰上遇险(动画),,,,,
湖上歌舞(折纸),,,,,
差不多(剪纸),,,,,
红军桥(剪纸),,,,,
"大闹天宫(动画,下集)",,,,,
岸边激浪,,,"编剧：郑洪、孟洁、袁先
导演：袁先 
摄影：蔡继渭、朱鹿童
美工：任回兴 
作曲：巩志伟
录音：郭大震 
副导演：谷德显
剪辑：华彬
化妆：孟长安
特技摄影：何如
制片：马万良
演奏：长影乐团
指挥：李克武","赵汝平-阿 炳
孔 芮-三叔公 
孔秀珍-阿 亮
曲云-阿炳娘 
刘教级-牛皮筋
李久芳 - 阿亮爹 
张连伏-郭指导员
危美玲-蓉姐 
沈华芬-小妹
易小豆-牛仔 
唐克-蛇头疔
卢稼影-淑贞 
王孝忠 -金牙仔
张善甫-先生 
孟庆芳-陌生人
刘 峥-德才","一九四九年,东南沿海某渔村青年农民阿炳在渔村解放前夕,因揭露了国民党乡长蛇头疔企图把搜 刮来的 家财运 往海外的阴谋，被蛇头疔抓住，幸亏游击队及时赶到，才免遭残害。解放后，阿炳当了民兵队长，在土改和对敌特斗争中，处处带头。一九五二年的一天，蛇头疔带着一个亲信敌特，潜回莲花乡，企图携妻带子逃往台湾。敌特在海边偷船时，被渔家阿亮父女发现。敌特欲持刀行凶，被巡逻的阿炳所救。蛇头疔隐藏在其妻淑贞家的事。846
不久被民兵觉察出来，蛇头疔见事败露，叫淑贞去报假案迷惑民兵，然后乘机逃走。十年后，蛇头疔率领小股敌特窜犯大陆。阿炳的妻子阿亮领着儿子牛仔到某小岛上割紫菜，与敌特相遇。蛇头疔要阿亮回村给淑贞送信，并扣下阿亮的儿子作为人质。阿亮冒着牺牲亲生儿子的危险，率领民兵将计就计，登上海岛，在公安部队的配合下，全歼了登陆的敌特，救回了儿子。"
带兵的人,,,"改编：肖玉、严寄洲
导演：严寄洲 
摄影：张冬凉、曹进云
美术：商荣光 
作曲：彦克
录音：何宝锭 
剪辑：王荣华
化妆：徐建新
独唱：赵云卿
制片：张志楚
合唱：中国人民解放军总政治部文工团歌舞团
演奏：上影乐团
指挥：陈传熙","洪万生-小郭
霍德集-牛福山 
张亨利-萧一虎
胡去非-区小龙 
李久芳-江德法
高保成-林志勇 
王志刚-金大洪
王连海-马金堂 
吕桂兰-区小珠
袁霞-秀兰 
关淑贞-区妈妈
陆伯炎-通讯员 
李小青-周琴
王毅-王醒","根据肖玉同名话剧改编。
新战士区小龙被分配在某团“四好连队”当战士后，表现不好，排长金大洪有保“四好”的思想，对把小龙调到班里来很有意见。为了争当五好战士，小龙半夜起来打背包,准备紧急集合。金大洪明知小龙这样做不对，但还是鼓励他。连长林志勇批评了小龙和金大洪弄虚做假的做法。在一次部队紧急集合时，小龙落在最后，他满腹牢骚，回来后给林志勇贴了张大字报。班长牛福山工作方法简单粗暴，对小龙贴大字报的做法很反感，当即把大字报撕了下来。一个星期天，小龙一个人到野外吹笛子，牛福山要他去练刺杀,二人顶撞了起来,牛一气之下踩毁了小龙的笛子.一次，连长林志勇偶尔从小龙的枕头底下发现一个干粮袋，这正是他十多年前在解放广州时，为救小龙全家负了重伤后送给他们的，但林没有告诉小龙送干粮袋的就是他，而是用解放前被压迫阶级的血泪史来启发教育小龙。这时，小龙的姐姐小珠随文工团来连队演出，在林的建议下，她演唱了关于这条米袋的故事。小龙深受感动，从此他苦练杀敌本领，终于从怕苦怕累转变为有过硬本领的五好战士。排长金大洪也认识到要“创四好”，不应“保四好”。"
雷 锋,,,"编剧：丁洪、陆柱国、崔家骏、冯毅夫
导演：崔家骏、冯毅夫董兆琪 
摄影：李尔康
美术：刘千 
作曲：傅庚辰
录音：吴汉标 
副导演：景慕逵
剪辑：薛蕴华
制片：杨庆卫
独唱：胡松华
领唱：赵履珠、周光祺、王石林、于绍华
演奏：中央乐团、中央人民广播电台女生广播合唱团
指挥：韩中杰","董金堂-雷锋
杨贵发-王大力 
党同义-吴奎
杨秦华-大粗 
于纯绵-指导员
友邻-梁主任 
周保平-雷锋(童年)
何延凤-李老师
景春寒-周大庆
杨成轩-老工人 
言小朋-大个工人
徐力-大娘
曲云-大力妈","影片描写了伟大的共产主义战士雷锋的英雄事迹。其中包括，雷锋给少先队员们讲述他的童年的悲惨遭遇,和手上刀疤的来历；学习毛主席著作：看病途中帮助建筑工地运砖：雨中护送老大娘回农村；暗自给战友的母亲寄钱治病；给灾区人民捐款等等。雷锋因公牺牲后，国防部命名雷锋生前所在班为“雷锋班”。中国人民的伟大领袖毛主席亲笔题词“向雷锋同志学习”。"
分水岭,,,"编剧：黎阳、陆柱国
导演：李俊 
摄影：陈俊
美工：徐润 
作曲：巩志伟
录音：何宝锭 
剪辑：罗玉
化妆：刘继臣、流虹
制片：李巨人
演奏：北京电影乐团
指挥：刘占林","张勇手-李云虎
周正禹-县委书记 
刘教级-李云龙
高保成-张老实 
安琪-孙桂兰
刘磊-孙启棠 
言小朋-阎万山
吴凡-玉华 
危美玲-秀英
朱毅之-玉华妈 
杨成轩-常老大
洪万生-二毛 
王心鉴-保管员
张善甫-二毛爹 
李佩琳-二毛娘","
分水岭生产队长李云龙，自从娶了逃亡地主孙启棠的女儿孙桂兰为妻后，丧失了阶级立场，一心想走“个人富裕”的道路.云龙的弟弟云虎从部队复员回村，批评哥哥敌我不分，阶级路线有问题。于是，兄弟之间产生了矛盾。云龙轻信孙启棠和地主分子阎万山的话，不经调查就认定贫农张老实打瞎了队里骡子的眼睛，偷了队里的肥田粉。云虎对哥哥提出批评，但云龙根本听不进去。继之，孙启棠唆使桂兰诬陷云虎调戏她，想挑拨兄弟俩不和，陷害云虎。云虎在县委书记的支持下，依靠贫下中农，揭露了阶级敌人陷害贫下中农、拉拢干部下水的罪行。最后，孙启棠父女被依法逮捕；阎万山重新戴上地主帽子，由群众监督劳动；云龙被撤职；张老实被选为生产队长。"
旭日东升,,,"导演：沈剡
摄影：陈俊、高九龄、朱鹿童
美工：方绪智、刘竞生
录音：朱俊三 
副导演：赵松、张一 
剪接：杨森
化妆：李桂枝
制片：王永国",,影片以一九五八年大跃进的气势为开导，通过济南部队文艺代表队演出的《旭日东升》、西藏部队文艺代表队演出的《洗衣歌》、兰州文艺代表队演出的《欢送会》等等，综述了广大农民要求成立人民公社的沸腾情绪。
东风万里,,,"导演：沈剡
摄影：陈俊、高九龄 
美工；方绪智、刘竞生、朱鹿童 
录音：朱俊三
副导演：赵松、张一
剪接：杨森
化妆：李桂枝、朱星
制片：王永国",,"本片摄录了中国人民解放军第三届文艺会演的部分节目。其中有：南京部队文艺代表队的《重建家园》，北京文艺代表队的《野营路上》，济南部队文艺代表队的《东风万里》，公安军文艺代表队的《孤胆英雄叶中央》，铁道兵文艺代表队的《向林海进军》,沈阳部队文艺代表队的《女民兵》，成都部队文艺代表队的《板车号子》，空军部队文艺代表队的《碧空姐妹》，福州部队文艺代表队的《满堂红》，广州部队文艺代表队的《山秋色》等。"
逆风千里,,,"编剧：周万诚、方徨
导演：方徨 
摄影：姚士泉
美术：张云乔 
作曲：梁立柱
录音：邓清华 
副导演：张捷、兰谷
照明：康涌涛
剪辑：董焕瑶
化妆：郭漱石
特技设计：谷家栋、颜尧光
特技摄影：马卫
制片：陶轶
演奏：广州乐团
指挥：杨桦","马奕-指导员
张子良-胡排长 
李健林-纪鹏飞
丁铁宝-朱小玲 
刚晓光-刘春海
白穆-敌师长 
傅伯棠-敌副师长
宋德望-敌医官 
王梅-敌政治部主任
兰谷-敌特工处长
蒋锐-敌军长
关鹏-敌骑兵连长 ","解放战争初期，我东北人民解放军一个排押送一批国民党将校级战俘，通过敌我交界地带去后方。途中，伪装成俘虏士兵的敌特工处长上校杨子鸣借机逃跑报信。被俘的国民党千里驹师长孙振戍将一枚勋标丢在路上，给来救援的敌人作路标，并暗中指使部下无理吵闹、装病，以拖延时间。我军带队的连指导员宋志刚巧妙地制服了无理取闹的战俘，并将捡到的勋标放到另一条大道上，逃跑回去报信的杨子鸣率领骑兵连前往救援孙振戍等，他们沿着勋标所指的方向追赶,没有发现目标,又和敌军指挥所联系派飞机帮助侦察。孙振戍用火给敌机报信号，被宋志刚发现，立即将俘虏押进山洞，使前来追赶的敌人没有发现。敌人没找到战俘，就派杨子鸣冒充我民主联防军伤员，打入我内部，并派一个骑兵连提前抢占我必经之处双龙江大桥。杨子鸣与孙振戍密谋策划配合敌骑兵连抢劫俘虏的阴谋时被发现。宋志刚将计就计，诱骗孙振戍写信调守桥的敌骑兵连前来抢劫，并派侦察排长刘春海冒充敌复仇军去送信，将守桥的敌骑兵连引进我包围圈。我少数战士乘机押送战俘，在前来接应的县大队的掩护下，顺利地通过大桥，进入河对岸的我军防区。及至敌骑兵连和后面的追兵发现，大桥已被我军炸毁，敌人只好隔河兴叹。"
刘明珠,,,"改编：郑文风
导演：谭友六 
摄影：沈民辉
美术：黄炽铭 
作曲：马辉
录音：林光 
副导演：李鸣
剪辑：李冠军
化妆：黄佩华
特技设计：谷家栋
特技摄影：丹华
制片：赵一兵
领奏：陈汉泉
演出：广东潮剧院青年剧团","范泽华-刘明珠
张长城-海瑞 
洪妙-太后
陈玩惜-朱厚燔 
朱楚珍-海夫人
翁妙辉-迎风 
李廷波-穆宗
王悦芳-孙何氏 
郑蔡岳-张忠
吴为雄-番使 
吴木泉-苗横
徐永书-吴费仁 
叶清发-海靖
蚁锡深-海安 ","根据民间传说整理、改编。
明穆宗时，潮州总兵刘光辰，因上表弹劾通番卖国的奸王朱厚燔，为奸王所害。其女刘明珠为除奸报仇，携父遗表进京，恰遇海瑞乔装出访，将她带进京城暂居海府。海瑞上朝劾奏奸王，申辩刘案。但因奸王朱厚燔是穆宗叔父，穆宗只好向太后问策,太后密令海瑞出京搜集朱的罪证。不料此事被奸王得知，他以给太后祝寿为名，唆使穆宗下旨命海瑞选择能手，限期将五色珍珠串织成百花珠寿衣，以阻止海瑞出京。刘明珠主动应旨串珠，奸王故意乱珠断烛,给她制造困难。明珠在王府婢女的暗中帮助下,如期织成珍珠衣。奸王又派人放火企图毁衣害命。明珠带珠衣逃生，慌乱中闯进后宫，巧遇太后，她乘机献上珠衣，申诉冤仇,控告奸王。此时海瑞也搜齐朱厚燔的罪证赶到，在太后面前陈述了奸王罪行。但太后只将朱厚燔贬为庶民。刘明珠难以克制满腔仇恨，当场将奸王痛击至死。太后翻脸加罪于明珠。海瑞等文武官员纷纷抗议，太后只得将明珠赶出宫门了事。海瑞弃官与明珠一起扬长而去。"
天山的红花,,,"编剧：欧琳
导演：崔嵬、陈怀皑、 
摄影：聂晶、林景、刘保德 
美术：池宁、张井南
作曲：许友夫 
录音：陈燕嬉、洪嘉惠
化妆：孙鸿魁
剪辑：傅正义、王联
照明：赵新鸣、李延江
顾问：赛比哈孜、哈焕章
剧务主任：任子华、李先觉
独唱：帕提曼
合唱：中央广播合唱团
领唱：哈买提
演奏：北京电影乐团
指挥：冯光涛","法蒂哈-阿依古丽
木特里夫-阿斯哈勒 
阿力别克-乌买尔
萨黑妲-卡依夏 
别尔特罕-哈思木
巴亚洪-沙的克 
周文杰-公社沙书记
木哈泰-苏来曼 
瓦里尤拉-木沙拜克
热希妲-萨乌丽 
阿乌巴克尔-努尔阿里
明娜婉尔-哈思木妻
阿布都勒-沙发尔
努尔坦-哈利社长 
苏勒坦-老牧民甲
木塔里夫-老牧民乙 
木哈塔尔-老牧民丙
阿班-青年牧民 
卡日木-牧马青年","一九五九年，新疆天山脚下哈萨克族畜牧业生产队在一年一度的改选中，敢于和坏人坏事作斗争的哈萨克族女共产党员阿依古丽当选为队长。反动牧主的儿子大队兽医哈思木对阿依古丽的当选非常惊恐，他恶毒地利用阿依古丽的丈夫阿斯哈勒想“发家致富”的思想和大男子主义,挑拨他与妻子阿依古丽的关系,企图利用阿斯哈勒把阿依古丽的队长搞掉。阿依古丽蔑视丈夫的打骂和分居的威胁，带领群众，搞好生产，夺得了畜牧业大丰收门窗和防寒设。次年春天，哈思木乘一个风雪之夜，捣毁接羊羔的备，使羊羔被冻坏，嫁祸于阿斯哈勒。继之，哈思木又伪装积极给羊羔治病，用蒸馏水代替药品，使羊羔的病情更加严重，并散布谣言和迷信，说是由于女人当了队长，触怒了“胡大”(哈萨克语,即老天爷的意思)。企图以此煽动落后群众对阿依古丽的不满。阿依古丽在党组织和牧民的支持下，揭露了哈思木的罪行。阿斯哈勒也终于认识到自己的错误。在新的一年一度的选举时,阿斯哈勒诚心诚意地拥护阿依古丽担任生产队长，将一束红花送给她，并补投她一票。"