Source,Target,Weight,SourceName,TargetName,StartYear,EndYear
0,1,2,"Shanghai (state) & Anhui","Shanghai (state)",1959,1963
2,3,2,"","Canton",1957,1962
2,4,2,"","Northeast",1949,1955
5,3,1,"Shanghai (private)","Canton",1950,1964
2,1,5,"","Shanghai (state)",1955,1959
2,4,4,"","Northeast",1949,1954
2,1,2,"","Shanghai (state)",1955,1958
2,4,1,"","Northeast",1949,1953
2,1,2,"","Shanghai (state)",1955,1957
2,1,5,"","Shanghai (state)",1955,1956
4,1,1,"Northeast","Shanghai (state)",1952,1954
2,4,1,"","Northeast",1949,1958
2,4,1,"","Northeast",1949,1957
6,7,1,"Beijing","Hubei",1956,1960
4,4,8,"Northeast","Northeast",1957,1959
4,4,101,"Northeast","Northeast",1957,1958
2,4,1,"","Northeast",1949,1962
2,4,1,"","Northeast",1949,1960
6,6,12,"Beijing","Beijing",1959,1963
6,6,24,"Beijing","Beijing",1959,1962
6,6,34,"Beijing","Beijing",1959,1961
6,6,126,"Beijing","Beijing",1959,1960
4,8,1,"Northeast","Xi'an",1961,1962
6,6,1,"Beijing","Beijing",1959,1964
2,1,2,"","Shanghai (state)",1955,1960
4,6,1,"Northeast","Beijing",1951,1954
2,9,7,"","Anhui",1958,1961
2,4,10,"","Northeast",1950,1958
2,4,1,"","Northeast",1950,1959
2,4,1,"","Northeast",1949,1965
10,10,1,"Sichuan","Sichuan",1960,1962
2,4,1,"","Northeast",1949,1963
2,1,1,"","Shanghai (state)",1955,1965
5,11,1,"Shanghai (private)","Shanghai (state) & Hong Kong",1951,1963
2,4,7,"","Northeast",1950,1956
12,3,3,"Hong Kong & Canton","Canton",1962,1965
2,4,3,"","Northeast",1950,1957
2,4,18,"","Northeast",1950,1954
2,4,10,"","Northeast",1950,1955
12,3,1,"Hong Kong & Canton","Canton",1962,1964
2,4,17,"","Northeast",1950,1952
2,4,20,"","Northeast",1950,1953
2,4,12,"","Northeast",1950,1951
6,4,1,"Beijing","Northeast",1956,1957
2,11,2,"","Shanghai (state) & Hong Kong",1955,1963
2,13,1,"","Beijing & Hong Kong",1961,1962
2,4,2,"","Northeast",1950,1960
1,6,1,"Shanghai (state)","Beijing",1958,1960
6,6,1,"Beijing","Beijing",1952,1963
6,6,1,"Beijing","Beijing",1952,1966
2,6,5,"","Beijing",1960,1961
6,6,1,"Beijing","Beijing",1952,1965
2,6,7,"","Beijing",1960,1963
14,6,1,"Beijing & Shanghai (state)","Beijing",1957,1958
2,6,8,"","Beijing",1960,1962
2,6,2,"","Beijing",1960,1965
2,6,5,"","Beijing",1960,1964
2,4,2,"","Northeast",1950,1965
2,4,8,"","Northeast",1950,1963
2,4,3,"","Northeast",1950,1964
2,4,8,"","Northeast",1950,1962
1,6,6,"Shanghai (state)","Beijing",1958,1959
2,6,6,"","Beijing",1951,1952
2,6,3,"","Beijing",1951,1953
2,15,1,"","Soviet Union & Northeast",1957,1959
6,4,1,"Beijing","Northeast",1956,1963
2,6,1,"","Beijing",1951,1954
2,6,1,"","Beijing",1951,1956
2,6,1,"","Beijing",1951,1957
2,6,1,"","Beijing",1951,1958
2,6,4,"","Beijing",1951,1959
6,6,17,"Beijing","Beijing",1952,1953
2,13,1,"","Beijing & Hong Kong",1952,1962
2,1,1,"","Shanghai (state)",1964,1965
6,6,9,"Beijing","Beijing",1952,1954
6,6,1,"Beijing","Beijing",1952,1957
6,6,1,"Beijing","Beijing",1952,1959
1,10,1,"Shanghai (state)","Sichuan",1960,1962
6,6,2,"Beijing","Beijing",1952,1958
1,12,1,"Shanghai (state)","Hong Kong & Canton",1959,1962
16,4,2,"Hong Kong & Northeast","Northeast",1964,1965
2,4,21,"","Northeast",1957,1958
2,4,1,"","Northeast",1957,1959
2,4,7,"","Northeast",1958,1960
2,7,1,"","Hubei",1956,1959
4,1,1,"Northeast","Shanghai (state)",1959,1960
4,8,1,"Northeast","Xi'an",1952,1961
2,17,1,"","Beijing & Anhui",1957,1958
4,17,1,"Northeast","Beijing & Anhui",1953,1958
2,4,29,"","Northeast",1958,1959
2,16,2,"","Hong Kong & Northeast",1962,1964
18,4,1,"Xinjiang","Northeast",1961,1963
18,4,1,"Xinjiang","Northeast",1961,1965
1,7,3,"Shanghai (state)","Hubei",1958,1959
1,19,3,"Shanghai (state)","Zhejiang",1958,1959
2,16,2,"","Hong Kong & Northeast",1963,1964
2,20,3,"","Shandong",1958,1959
1,3,1,"Shanghai (state)","Canton",1959,1961
2,4,1,"","Northeast",1957,1960
2,1,7,"","Shanghai (state)",1963,1964
1,3,1,"Shanghai (state)","Canton",1959,1960
2,21,1,"","Beijing & Xi'an",1956,1961
2,1,7,"","Shanghai (state)",1963,1965
1,1,10,"Shanghai (state)","Shanghai (state)",1962,1965
2,4,1,"","Northeast",1957,1964
1,1,19,"Shanghai (state)","Shanghai (state)",1962,1964
2,4,1,"","Northeast",1957,1965
1,1,86,"Shanghai (state)","Shanghai (state)",1962,1963
3,4,1,"Canton","Northeast",1963,1964
1,3,1,"Shanghai (state)","Canton",1959,1964
22,4,1,"Shanghai (state) & Jiangsu","Northeast",1961,1963
2,0,4,"","Shanghai (state) & Anhui",1955,1959
1,3,1,"Shanghai (state)","Canton",1959,1962
13,6,1,"Beijing & Hong Kong","Beijing",1963,1964
13,6,1,"Beijing & Hong Kong","Beijing",1963,1965
1,1,80,"Shanghai (state)","Shanghai (state)",1963,1964
1,4,1,"Shanghai (state)","Northeast",1959,1963
1,1,51,"Shanghai (state)","Shanghai (state)",1963,1965
1,1,8,"Shanghai (state)","Shanghai (state)",1963,1966
1,4,1,"Shanghai (state)","Northeast",1959,1965
6,6,26,"Beijing","Beijing",1960,1963
6,6,59,"Beijing","Beijing",1960,1962
23,8,1,"Xi'an & Qinghai","Xi'an",1960,1964
6,6,8,"Beijing","Beijing",1960,1965
6,6,7,"Beijing","Beijing",1960,1964
2,9,1,"","Anhui",1951,1961
24,4,2,"Inner Mongolia & Northeast","Northeast",1959,1960
1,1,1,"Shanghai (state)","Shanghai (state)",1954,1963
6,25,1,"Beijing","Shanghai (state) & Northeast",1956,1957
6,6,70,"Beijing","Beijing",1960,1961
1,1,1,"Shanghai (state)","Shanghai (state)",1954,1962
18,18,4,"Xinjiang","Xinjiang",1960,1961
1,1,12,"Shanghai (state)","Shanghai (state)",1954,1957
1,1,39,"Shanghai (state)","Shanghai (state)",1954,1956
1,1,87,"Shanghai (state)","Shanghai (state)",1954,1955
26,1,1,"Tianjin","Shanghai (state)",1960,1965
4,6,1,"Northeast","Beijing",1960,1962
6,6,1,"Beijing","Beijing",1951,1957
20,3,1,"Shandong","Canton",1959,1964
6,6,1,"Beijing","Beijing",1951,1959
1,1,7,"Shanghai (state)","Shanghai (state)",1954,1958
6,6,17,"Beijing","Beijing",1951,1953
6,6,5,"Beijing","Beijing",1951,1954
6,6,2,"Beijing","Beijing",1951,1955
6,6,2,"Beijing","Beijing",1951,1956
2,20,2,"","Shandong",1951,1954
6,6,33,"Beijing","Beijing",1951,1952
1,6,1,"Shanghai (state)","Beijing",1959,1963
13,6,2,"Beijing & Hong Kong","Beijing",1962,1964
13,6,3,"Beijing & Hong Kong","Beijing",1962,1963
6,4,2,"Beijing","Northeast",1964,1965
1,8,1,"Shanghai (state)","Xi'an",1958,1960
6,1,1,"Beijing","Shanghai (state)",1952,1954
1,6,3,"Shanghai (state)","Beijing",1959,1960
1,7,5,"Shanghai (state)","Hubei",1958,1960
6,1,1,"Beijing","Shanghai (state)",1952,1955
2,4,105,"","Northeast",1949,1950
6,4,1,"Beijing","Northeast",1955,1956
4,1,1,"Northeast","Shanghai (state)",1959,1961
2,13,1,"","Beijing & Hong Kong",1960,1963
4,1,1,"Northeast","Shanghai (state)",1959,1963
2,13,2,"","Beijing & Hong Kong",1960,1962
2,10,1,"","Sichuan",1961,1962
2,4,1,"","Northeast",1958,1962
2,4,1,"","Northeast",1958,1964
2,4,4,"","Northeast",1958,1963
2,5,10,"","Shanghai (private)",1950,1953
2,5,38,"","Shanghai (private)",1950,1951
2,5,7,"","Shanghai (private)",1950,1952
5,1,1,"Shanghai (private)","Shanghai (state)",1950,1959
2,1,21,"","Shanghai (state)",1956,1957
4,1,3,"Northeast","Shanghai (state)",1953,1954
2,1,7,"","Shanghai (state)",1956,1958
2,1,1,"","Shanghai (state)",1956,1959
4,8,1,"Northeast","Xi'an",1959,1960
5,1,1,"Shanghai (private)","Shanghai (state)",1950,1957
5,3,1,"Shanghai (private)","Canton",1951,1962
4,1,1,"Northeast","Shanghai (state)",1953,1958
4,1,2,"Northeast","Shanghai (state)",1953,1956
5,1,3,"Shanghai (private)","Shanghai (state)",1950,1951
2,6,5,"","Beijing",1949,1950
2,6,4,"","Beijing",1949,1951
2,6,3,"","Beijing",1949,1952
5,1,2,"Shanghai (private)","Shanghai (state)",1950,1955
2,6,2,"","Beijing",1949,1953
2,6,1,"","Beijing",1949,1954
5,1,2,"Shanghai (private)","Shanghai (state)",1950,1953
2,6,1,"","Beijing",1949,1955
5,27,1,"Shanghai (private)","Shanghai (state) & Shandong",1952,1954
1,5,1,"Shanghai (state)","Shanghai (private)",1951,1952
2,1,3,"","Shanghai (state)",1954,1959
2,5,177,"","Shanghai (private)",1949,1950
25,4,1,"Shanghai (state) & Northeast","Northeast",1950,1953
14,1,1,"Beijing & Shanghai (state)","Shanghai (state)",1953,1958
2,6,1,"","Beijing",1952,1953
2,6,4,"","Beijing",1952,1954
1,9,1,"Shanghai (state)","Anhui",1959,1961
2,5,2,"","Shanghai (private)",1949,1952
2,5,43,"","Shanghai (private)",1949,1951
1,1,1,"Shanghai (state)","Shanghai (state)",1953,1957
2,5,2,"","Shanghai (private)",1949,1953
3,3,8,"Canton","Canton",1965,1966
1,1,8,"Shanghai (state)","Shanghai (state)",1953,1955
6,6,1,"Beijing","Beijing",1951,1960
2,6,2,"","Beijing",1952,1956
2,1,7,"","Shanghai (state)",1954,1957
1,5,1,"Shanghai (state)","Shanghai (private)",1951,1953
6,6,1,"Beijing","Beijing",1951,1961
1,1,1,"Shanghai (state)","Shanghai (state)",1953,1956
2,1,4,"","Shanghai (state)",1954,1958
2,8,6,"","Xi'an",1958,1960
2,1,20,"","Shanghai (state)",1954,1955
2,6,1,"","Beijing",1952,1958
1,1,13,"Shanghai (state)","Shanghai (state)",1953,1954
2,6,2,"","Beijing",1952,1959
2,1,12,"","Shanghai (state)",1954,1956
6,1,1,"Beijing","Shanghai (state)",1951,1953
1,4,3,"Shanghai (state)","Northeast",1952,1953
6,1,1,"Beijing","Shanghai (state)",1959,1963
6,1,2,"Beijing","Shanghai (state)",1959,1964
2,13,1,"","Beijing & Hong Kong",1962,1963
2,1,2,"","Shanghai (state)",1954,1960
6,1,1,"Beijing","Shanghai (state)",1959,1960
2,1,2,"","Shanghai (state)",1954,1961
2,9,2,"","Anhui",1950,1961
2,1,1,"","Shanghai (state)",1954,1964
2,1,1,"","Shanghai (state)",1954,1965
4,6,1,"Northeast","Beijing",1952,1961
2,1,4,"","Shanghai (state)",1954,1963
2,11,7,"","Shanghai (state) & Hong Kong",1956,1963
2,12,1,"","Hong Kong & Canton",1949,1961
6,1,1,"Beijing","Shanghai (state)",1951,1954
6,6,73,"Beijing","Beijing",1961,1962
2,8,3,"","Xi'an",1950,1959
3,3,1,"Canton","Canton",1958,1960
6,6,2,"Beijing","Beijing",1961,1965
6,6,25,"Beijing","Beijing",1961,1963
6,6,6,"Beijing","Beijing",1961,1964
1,4,1,"Shanghai (state)","Northeast",1952,1960
5,5,108,"Shanghai (private)","Shanghai (private)",1950,1951
5,5,12,"Shanghai (private)","Shanghai (private)",1950,1952
3,3,1,"Canton","Canton",1958,1962
5,5,14,"Shanghai (private)","Shanghai (private)",1950,1953
6,6,106,"Beijing","Beijing",1958,1959
6,15,1,"Beijing","Soviet Union & Northeast",1957,1959
4,4,5,"Northeast","Northeast",1965,1966
2,4,4,"","Northeast",1960,1964
2,4,4,"","Northeast",1960,1965
6,6,2,"Beijing","Beijing",1958,1963
2,4,1,"","Northeast",1960,1966
6,6,1,"Beijing","Beijing",1958,1964
6,6,3,"Beijing","Beijing",1958,1961
6,6,2,"Beijing","Beijing",1958,1962
2,4,10,"","Northeast",1960,1961
2,4,3,"","Northeast",1960,1962
4,6,2,"Northeast","Beijing",1952,1954
6,6,13,"Beijing","Beijing",1958,1960
2,4,4,"","Northeast",1960,1963
4,6,1,"Northeast","Beijing",1952,1953
8,8,2,"Xi'an","Xi'an",1965,1966
4,4,20,"Northeast","Northeast",1950,1953
6,6,1,"Beijing","Beijing",1953,1957
4,4,11,"Northeast","Northeast",1950,1952
2,28,1,"","Shanghai (state) & Canton",1960,1962
4,4,2,"Northeast","Northeast",1950,1955
6,6,2,"Beijing","Beijing",1953,1955
4,4,6,"Northeast","Northeast",1950,1954
6,6,1,"Beijing","Beijing",1953,1956
8,8,4,"Xi'an","Xi'an",1960,1963
6,6,11,"Beijing","Beijing",1953,1954
8,8,1,"Xi'an","Xi'an",1960,1962
4,4,10,"Northeast","Northeast",1950,1951
8,8,12,"Xi'an","Xi'an",1960,1961
4,6,5,"Northeast","Beijing",1959,1960
1,3,1,"Shanghai (state)","Canton",1960,1964
6,6,2,"Beijing","Beijing",1953,1959
4,6,1,"Northeast","Beijing",1959,1962
1,3,1,"Shanghai (state)","Canton",1960,1966
4,12,1,"Northeast","Hong Kong & Canton",1962,1963
1,1,13,"Shanghai (state)","Shanghai (state)",1961,1964
6,6,2,"Beijing","Beijing",1953,1960
2,6,3,"","Beijing",1959,1964
1,1,41,"Shanghai (state)","Shanghai (state)",1961,1963
2,6,8,"","Beijing",1959,1965
8,8,1,"Xi'an","Xi'an",1960,1966
1,1,59,"Shanghai (state)","Shanghai (state)",1961,1962
2,6,11,"","Beijing",1959,1962
8,8,2,"Xi'an","Xi'an",1960,1965
2,6,7,"","Beijing",1959,1963
4,4,1,"Northeast","Northeast",1950,1957
2,6,31,"","Beijing",1959,1960
4,4,4,"Northeast","Northeast",1950,1956
2,6,6,"","Beijing",1959,1961
4,4,2,"Northeast","Northeast",1950,1959
2,29,1,"","Beijing & Northeast",1957,1958
1,1,5,"Shanghai (state)","Shanghai (state)",1961,1965
4,4,3,"Northeast","Northeast",1950,1963
4,4,1,"Northeast","Northeast",1950,1962
2,3,5,"","Canton",1965,1966
1,6,4,"Shanghai (state)","Beijing",1951,1952
1,6,1,"Shanghai (state)","Beijing",1951,1958
2,13,1,"","Beijing & Hong Kong",1959,1962
1,4,1,"Shanghai (state)","Northeast",1950,1954
2,30,1,"","Beijing & Western Europe",1957,1958
1,4,1,"Shanghai (state)","Northeast",1950,1953
2,18,1,"","Xinjiang",1950,1960
2,6,2,"","Beijing",1952,1962
2,13,1,"","Beijing & Hong Kong",1954,1963
2,6,5,"","Beijing",1949,1956
2,6,5,"","Beijing",1949,1957
2,6,5,"","Beijing",1949,1958
2,3,1,"","Canton",1950,1963
2,6,1,"","Beijing",1949,1959
2,3,1,"","Canton",1950,1962
1,4,1,"Shanghai (state)","Northeast",1960,1964
1,4,1,"Shanghai (state)","Northeast",1960,1961
1,4,1,"Shanghai (state)","Northeast",1957,1958
4,6,2,"Northeast","Beijing",1959,1965
1,18,1,"Shanghai (state)","Xinjiang",1959,1960
4,4,1,"Northeast","Northeast",1957,1965
2,1,1,"","Shanghai (state)",1956,1960
2,6,2,"","Beijing",1949,1960
4,4,1,"Northeast","Northeast",1957,1964
2,1,2,"","Shanghai (state)",1956,1961
4,4,3,"Northeast","Northeast",1957,1963
2,1,1,"","Shanghai (state)",1956,1962
4,4,1,"Northeast","Northeast",1957,1962
2,1,2,"","Shanghai (state)",1956,1963
4,4,1,"Northeast","Northeast",1957,1961
4,4,3,"Northeast","Northeast",1957,1960
2,6,1,"","Beijing",1949,1964
2,6,1,"","Beijing",1949,1965
6,1,1,"Beijing","Shanghai (state)",1954,1955
2,6,1,"","Beijing",1953,1958
2,6,2,"","Beijing",1953,1957
2,6,3,"","Beijing",1953,1959
5,1,1,"Shanghai (private)","Shanghai (state)",1951,1959
5,1,4,"Shanghai (private)","Shanghai (state)",1951,1958
5,1,9,"Shanghai (private)","Shanghai (state)",1951,1957
5,6,1,"Shanghai (private)","Beijing",1950,1959
5,1,16,"Shanghai (private)","Shanghai (state)",1951,1956
1,1,1,"Shanghai (state)","Shanghai (state)",1952,1964
2,4,1,"","Northeast",1952,1963
5,1,7,"Shanghai (private)","Shanghai (state)",1951,1955
7,12,3,"Hubei","Hong Kong & Canton",1960,1963
5,1,27,"Shanghai (private)","Shanghai (state)",1951,1954
7,12,3,"Hubei","Hong Kong & Canton",1960,1962
5,1,1,"Shanghai (private)","Shanghai (state)",1951,1952
2,6,2,"","Beijing",1953,1954
6,4,1,"Beijing","Northeast",1954,1959
6,4,2,"Beijing","Northeast",1954,1958
4,8,5,"Northeast","Xi'an",1958,1959
6,4,4,"Beijing","Northeast",1954,1957
6,4,4,"Beijing","Northeast",1954,1956
2,18,2,"","Xinjiang",1960,1961
4,3,1,"Northeast","Canton",1956,1958
6,4,6,"Beijing","Northeast",1954,1955
2,6,1,"","Beijing",1953,1963
2,31,1,"","Beijing & Hubei & Anhui",1958,1961
6,6,11,"Beijing","Beijing",1962,1965
6,6,38,"Beijing","Beijing",1962,1964
6,6,97,"Beijing","Beijing",1962,1963
4,4,9,"Northeast","Northeast",1955,1958
4,4,22,"Northeast","Northeast",1955,1957
4,1,2,"Northeast","Shanghai (state)",1954,1955
4,1,3,"Northeast","Shanghai (state)",1954,1956
4,4,1,"Northeast","Northeast",1955,1959
4,1,3,"Northeast","Shanghai (state)",1954,1958
4,8,1,"Northeast","Xi'an",1958,1961
4,4,60,"Northeast","Northeast",1955,1956
2,6,2,"","Beijing",1957,1961
2,6,9,"","Beijing",1957,1960
2,14,1,"","Beijing & Shanghai (state)",1951,1956
2,6,1,"","Beijing",1957,1963
2,14,1,"","Beijing & Shanghai (state)",1951,1957
2,6,2,"","Beijing",1957,1962
2,4,1,"","Northeast",1956,1962
4,4,1,"Northeast","Northeast",1955,1963
2,8,6,"","Xi'an",1959,1961
2,8,1,"","Xi'an",1959,1962
2,8,1,"","Xi'an",1959,1965
2,11,1,"","Shanghai (state) & Hong Kong",1950,1962
2,4,8,"","Northeast",1956,1963
2,6,33,"","Beijing",1957,1958
2,25,1,"","Shanghai (state) & Northeast",1950,1953
2,6,6,"","Beijing",1957,1959
1,7,1,"Shanghai (state)","Hubei",1957,1960
1,29,1,"Shanghai (state)","Beijing & Northeast",1954,1956
11,1,3,"Shanghai (state) & Hong Kong","Shanghai (state)",1963,1965
3,3,4,"Canton","Canton",1964,1966
4,14,1,"Northeast","Beijing & Shanghai (state)",1953,1958
3,3,4,"Canton","Canton",1964,1965
1,1,2,"Shanghai (state)","Shanghai (state)",1952,1953
1,1,6,"Shanghai (state)","Shanghai (state)",1952,1955
1,1,23,"Shanghai (state)","Shanghai (state)",1952,1954
1,1,1,"Shanghai (state)","Shanghai (state)",1952,1957
5,1,1,"Shanghai (private)","Shanghai (state)",1951,1963
12,3,2,"Hong Kong & Canton","Canton",1964,1965
1,1,4,"Shanghai (state)","Shanghai (state)",1952,1956
2,8,9,"","Xi'an",1959,1960
12,3,2,"Hong Kong & Canton","Canton",1964,1966
1,1,3,"Shanghai (state)","Shanghai (state)",1952,1958
5,1,1,"Shanghai (private)","Shanghai (state)",1951,1960
6,1,1,"Beijing","Shanghai (state)",1963,1965
6,1,1,"Beijing","Shanghai (state)",1963,1964
2,32,1,"","Beijing & Tianjin",1955,1960
1,6,1,"Shanghai (state)","Beijing",1961,1962
1,6,2,"Shanghai (state)","Beijing",1961,1963
28,3,1,"Shanghai (state) & Canton","Canton",1960,1963
15,1,1,"Soviet Union & Northeast","Shanghai (state)",1959,1965
15,1,1,"Soviet Union & Northeast","Shanghai (state)",1959,1964
2,6,4,"","Beijing",1957,1964
6,4,1,"Beijing","Northeast",1963,1964
2,24,1,"","Inner Mongolia & Northeast",1957,1959
3,3,7,"Canton","Canton",1960,1962
2,4,2,"","Northeast",1959,1964
3,3,4,"Canton","Canton",1960,1963
2,4,4,"","Northeast",1959,1965
2,4,4,"","Northeast",1959,1962
2,4,4,"","Northeast",1959,1963
3,3,1,"Canton","Canton",1960,1966
2,1,1,"","Shanghai (state)",1949,1960
3,3,2,"Canton","Canton",1960,1964
2,1,2,"","Shanghai (state)",1949,1963
6,9,2,"Beijing","Anhui",1959,1961
10,3,1,"Sichuan","Canton",1962,1965
1,1,3,"Shanghai (state)","Shanghai (state)",1959,1965
1,1,8,"Shanghai (state)","Shanghai (state)",1959,1964
8,8,12,"Xi'an","Xi'an",1959,1960
1,1,11,"Shanghai (state)","Shanghai (state)",1959,1963
1,1,14,"Shanghai (state)","Shanghai (state)",1959,1962
2,6,1,"","Beijing",1950,1965
8,8,1,"Xi'an","Xi'an",1959,1961
6,18,1,"Beijing","Xinjiang",1959,1960
8,8,1,"Xi'an","Xi'an",1959,1963
2,6,4,"","Beijing",1950,1960
4,4,10,"Northeast","Northeast",1964,1966
4,1,2,"Northeast","Shanghai (state)",1963,1965
4,1,1,"Northeast","Shanghai (state)",1963,1964
1,1,40,"Shanghai (state)","Shanghai (state)",1959,1961
2,4,14,"","Northeast",1959,1960
4,4,40,"Northeast","Northeast",1964,1965
1,1,150,"Shanghai (state)","Shanghai (state)",1959,1960
2,4,5,"","Northeast",1959,1961
2,6,1,"","Beijing",1950,1962
25,4,1,"Shanghai (state) & Northeast","Northeast",1956,1957
2,1,2,"","Shanghai (state)",1949,1953
2,1,7,"","Shanghai (state)",1949,1954
2,1,3,"","Shanghai (state)",1949,1955
2,1,3,"","Shanghai (state)",1949,1956
6,10,2,"Beijing","Sichuan",1959,1960
2,1,21,"","Shanghai (state)",1949,1950
2,1,52,"","Shanghai (state)",1949,1951
2,1,2,"","Shanghai (state)",1949,1952
2,1,5,"","Shanghai (state)",1949,1958
2,1,2,"","Shanghai (state)",1949,1959
2,6,7,"","Beijing",1950,1957
2,33,2,"","Xi'an & Northeast",1959,1960
2,1,1,"","Shanghai (state)",1962,1966
2,6,5,"","Beijing",1950,1956
2,1,1,"","Shanghai (state)",1962,1965
2,6,2,"","Beijing",1950,1955
2,1,3,"","Shanghai (state)",1962,1964
2,6,7,"","Beijing",1950,1954
2,1,6,"","Shanghai (state)",1962,1963
2,6,3,"","Beijing",1950,1959
2,6,7,"","Beijing",1950,1958
2,3,1,"","Canton",1963,1964
2,3,3,"","Canton",1963,1966
2,6,11,"","Beijing",1950,1953
2,6,8,"","Beijing",1950,1952
2,6,15,"","Beijing",1956,1957
2,6,83,"","Beijing",1950,1951
2,6,12,"","Beijing",1956,1958
2,33,2,"","Xi'an & Northeast",1959,1962
2,6,7,"","Beijing",1956,1959
6,8,1,"Beijing","Xi'an",1958,1962
14,6,1,"Beijing & Shanghai (state)","Beijing",1958,1962
2,6,2,"","Beijing",1956,1960
2,6,1,"","Beijing",1956,1962
2,3,8,"","Canton",1959,1960
2,3,3,"","Canton",1959,1966
2,3,1,"","Canton",1959,1965
2,11,1,"","Shanghai (state) & Hong Kong",1954,1963
4,10,1,"Northeast","Sichuan",1958,1962
10,11,1,"Sichuan","Shanghai (state) & Hong Kong",1962,1963
2,11,1,"","Shanghai (state) & Hong Kong",1954,1962
2,12,1,"","Hong Kong & Canton",1951,1962
2,4,4,"","Northeast",1952,1953
2,4,1,"","Northeast",1952,1954
4,8,1,"Northeast","Xi'an",1962,1963
6,8,2,"Beijing","Xi'an",1958,1960
2,4,2,"","Northeast",1952,1956
2,4,2,"","Northeast",1952,1959
2,14,1,"","Beijing & Shanghai (state)",1950,1953
5,8,1,"Shanghai (private)","Xi'an",1951,1959
4,20,1,"Northeast","Shandong",1953,1954
19,1,2,"Zhejiang","Shanghai (state)",1959,1963
2,10,2,"","Sichuan",1957,1962
4,4,2,"Northeast","Northeast",1958,1962
2,8,1,"","Xi'an",1956,1960
4,4,18,"Northeast","Northeast",1958,1960
1,4,2,"Shanghai (state)","Northeast",1954,1956
2,8,2,"","Xi'an",1956,1965
1,4,5,"Shanghai (state)","Northeast",1954,1955
4,4,3,"Northeast","Northeast",1958,1965
4,4,3,"Northeast","Northeast",1958,1964
32,6,1,"Beijing & Tianjin","Beijing",1960,1962
2,8,1,"","Xi'an",1956,1963
32,6,3,"Beijing & Tianjin","Beijing",1960,1961
4,4,5,"Northeast","Northeast",1958,1963
34,10,1,"Sichuan & Northeast","Sichuan",1961,1962
1,4,1,"Shanghai (state)","Northeast",1954,1957
1,4,1,"Shanghai (state)","Northeast",1954,1959
2,3,1,"","Canton",1956,1962
32,6,2,"Beijing & Tianjin","Beijing",1960,1965
2,35,1,"","Beijing & Shanghai (private)",1949,1950
8,6,1,"Xi'an","Beijing",1963,1965
4,4,20,"Northeast","Northeast",1961,1962
4,4,20,"Northeast","Northeast",1961,1963
4,4,10,"Northeast","Northeast",1961,1964
6,1,1,"Beijing","Shanghai (state)",1957,1964
4,4,4,"Northeast","Northeast",1961,1965
4,32,1,"Northeast","Beijing & Tianjin",1953,1960
2,36,1,"","Shanghai (private) & Northeast",1950,1953
4,4,1,"Northeast","Northeast",1961,1966
2,20,1,"","Shandong",1952,1959
2,6,1,"","Beijing",1956,1965
1,1,4,"Shanghai (state)","Shanghai (state)",1965,1966
1,6,1,"Shanghai (state)","Beijing",1962,1965
2,24,2,"","Inner Mongolia & Northeast",1953,1959
2,23,3,"","Xi'an & Qinghai",1959,1960
6,1,1,"Beijing","Shanghai (state)",1953,1955
6,1,2,"Beijing","Shanghai (state)",1953,1954
4,4,123,"Northeast","Northeast",1958,1959
1,4,1,"Shanghai (state)","Northeast",1958,1959
6,1,1,"Beijing","Shanghai (state)",1957,1959
6,4,2,"Beijing","Northeast",1960,1964
2,1,2,"","Shanghai (state)",1952,1954
2,1,2,"","Shanghai (state)",1952,1955
6,4,4,"Beijing","Northeast",1960,1963
2,1,1,"","Shanghai (state)",1952,1956
6,1,3,"Beijing","Shanghai (state)",1960,1961
6,1,1,"Beijing","Shanghai (state)",1960,1962
2,37,1,"","Beijing & Hubei",1958,1961
10,1,1,"Sichuan","Shanghai (state)",1962,1963
2,20,2,"","Shandong",1949,1959
2,1,1,"","Shanghai (state)",1952,1957
2,1,3,"","Shanghai (state)",1952,1958
1,6,1,"Shanghai (state)","Beijing",1952,1960
2,1,1,"","Shanghai (state)",1952,1959
2,34,2,"","Sichuan & Northeast",1960,1961
4,6,2,"Northeast","Beijing",1958,1965
1,6,1,"Shanghai (state)","Beijing",1952,1958
4,6,1,"Northeast","Beijing",1958,1962
1,6,1,"Shanghai (state)","Beijing",1955,1958
1,1,103,"Shanghai (state)","Shanghai (state)",1955,1956
1,1,35,"Shanghai (state)","Shanghai (state)",1955,1957
1,1,8,"Shanghai (state)","Shanghai (state)",1955,1958
2,8,1,"","Xi'an",1949,1962
1,1,2,"Shanghai (state)","Shanghai (state)",1955,1959
1,1,1,"Shanghai (state)","Shanghai (state)",1955,1963
4,6,1,"Northeast","Beijing",1961,1962
1,1,1,"Shanghai (state)","Shanghai (state)",1955,1965
4,6,1,"Northeast","Beijing",1961,1964
1,4,1,"Shanghai (state)","Northeast",1958,1963
4,6,9,"Northeast","Beijing",1958,1959
4,6,1,"Northeast","Beijing",1961,1965
4,0,1,"Northeast","Shanghai (state) & Anhui",1958,1959
2,1,1,"","Shanghai (state)",1965,1966
36,4,1,"Shanghai (private) & Northeast","Northeast",1950,1955
2,32,1,"","Beijing & Tianjin",1958,1960
27,1,1,"Shanghai (state) & Shandong","Shanghai (state)",1954,1956
2,6,13,"","Beijing",1963,1964
2,6,5,"","Beijing",1963,1965
2,6,5,"","Beijing",1963,1966
27,1,1,"Shanghai (state) & Shandong","Shanghai (state)",1954,1955
4,1,2,"Northeast","Shanghai (state)",1957,1958
1,10,1,"Shanghai (state)","Sichuan",1959,1962
2,34,1,"","Sichuan & Northeast",1950,1961
6,1,2,"Beijing","Shanghai (state)",1950,1951
2,4,4,"","Northeast",1956,1959
2,4,10,"","Northeast",1956,1958
2,4,22,"","Northeast",1956,1957
4,1,1,"Northeast","Shanghai (state)",1950,1958
4,1,2,"Northeast","Shanghai (state)",1950,1954
4,1,2,"Northeast","Shanghai (state)",1950,1955
1,4,1,"Shanghai (state)","Northeast",1951,1955
4,1,1,"Northeast","Shanghai (state)",1950,1952
1,4,2,"Shanghai (state)","Northeast",1951,1952
4,1,2,"Northeast","Shanghai (state)",1950,1951
1,4,3,"Shanghai (state)","Northeast",1951,1953
4,10,1,"Northeast","Sichuan",1955,1960
1,12,1,"Shanghai (state)","Hong Kong & Canton",1961,1963
2,38,2,"","Shanghai (state) & Hunan",1958,1959
4,4,7,"Northeast","Northeast",1951,1952
4,4,8,"Northeast","Northeast",1951,1953
2,39,2,"","Shanghai (state) & Xinjiang",1958,1959
4,22,1,"Northeast","Shanghai (state) & Jiangsu",1960,1961
1,4,1,"Shanghai (state)","Northeast",1955,1957
1,4,4,"Shanghai (state)","Northeast",1955,1956
1,6,1,"Shanghai (state)","Beijing",1963,1964
1,6,1,"Shanghai (state)","Beijing",1963,1965
1,4,2,"Shanghai (state)","Northeast",1955,1958
29,6,1,"Beijing & Northeast","Beijing",1956,1958
2,15,1,"","Soviet Union & Northeast",1953,1959
2,6,1,"","Beijing",1955,1964
2,11,3,"","Shanghai (state) & Hong Kong",1959,1963
2,11,5,"","Shanghai (state) & Hong Kong",1959,1962
4,6,1,"Northeast","Beijing",1955,1963
2,1,4,"","Shanghai (state)",1960,1962
2,1,7,"","Shanghai (state)",1960,1961
2,1,5,"","Shanghai (state)",1960,1963
2,4,1,"","Northeast",1954,1961
2,6,2,"","Beijing",1955,1960
2,4,1,"","Northeast",1954,1963
2,3,5,"","Canton",1962,1966
2,3,3,"","Canton",1962,1965
2,3,4,"","Canton",1962,1964
2,3,1,"","Canton",1962,1963
6,12,1,"Beijing","Hong Kong & Canton",1958,1962
2,6,8,"","Beijing",1955,1958
2,6,7,"","Beijing",1955,1957
2,1,2,"","Shanghai (state)",1960,1965
2,6,15,"","Beijing",1955,1956
6,1,1,"Beijing","Shanghai (state)",1956,1958
6,1,2,"Beijing","Shanghai (state)",1956,1957
1,1,2,"Shanghai (state)","Shanghai (state)",1950,1954
2,6,1,"","Beijing",1955,1959
3,6,1,"Canton","Beijing",1962,1965
1,1,2,"Shanghai (state)","Shanghai (state)",1950,1952
2,40,1,"","Beijing & Shanghai (state) & Anhui & Northeast",1956,1958
1,1,12,"Shanghai (state)","Shanghai (state)",1950,1951
3,6,2,"Canton","Beijing",1962,1963
4,4,34,"Northeast","Northeast",1953,1954
2,4,14,"","Northeast",1954,1955
2,4,4,"","Northeast",1954,1957
2,4,8,"","Northeast",1954,1956
4,4,1,"Northeast","Northeast",1953,1958
2,4,1,"","Northeast",1954,1959
4,4,1,"Northeast","Northeast",1953,1957
2,4,1,"","Northeast",1954,1958
4,4,2,"Northeast","Northeast",1953,1956
4,4,13,"Northeast","Northeast",1953,1955
12,12,2,"Hong Kong & Canton","Hong Kong & Canton",1962,1963
18,22,1,"Xinjiang","Shanghai (state) & Jiangsu",1960,1961
2,41,4,"","Shanghai (state) & Shanghai (private)",1949,1950
6,3,1,"Beijing","Canton",1960,1963
6,3,1,"Beijing","Canton",1960,1962
6,6,75,"Beijing","Beijing",1964,1965
8,8,1,"Xi'an","Xi'an",1962,1966
9,6,1,"Anhui","Beijing",1961,1963
6,6,13,"Beijing","Beijing",1964,1966
9,6,2,"Anhui","Beijing",1961,1962
1,4,1,"Shanghai (state)","Northeast",1955,1963
2,23,1,"","Xi'an & Qinghai",1958,1960
6,6,3,"Beijing","Beijing",1955,1959
6,8,1,"Beijing","Xi'an",1953,1960
2,8,1,"","Xi'an",1962,1965
6,6,9,"Beijing","Beijing",1955,1956
2,8,1,"","Xi'an",1962,1963
5,6,1,"Shanghai (private)","Beijing",1952,1959
4,4,10,"Northeast","Northeast",1962,1965
4,4,15,"Northeast","Northeast",1962,1964
4,6,1,"Northeast","Beijing",1955,1959
4,4,41,"Northeast","Northeast",1962,1963
4,6,1,"Northeast","Beijing",1955,1957
2,26,1,"","Tianjin",1957,1960
4,6,7,"Northeast","Beijing",1955,1958
4,6,3,"Northeast","Beijing",1955,1956
8,8,7,"Xi'an","Xi'an",1962,1963
21,4,1,"Beijing & Xi'an","Northeast",1961,1963
8,8,2,"Xi'an","Xi'an",1962,1964
8,8,6,"Xi'an","Xi'an",1962,1965
4,1,1,"Northeast","Shanghai (state)",1964,1965
8,4,1,"Xi'an","Northeast",1963,1964
39,18,1,"Shanghai (state) & Xinjiang","Xinjiang",1959,1960
6,3,1,"Beijing","Canton",1959,1960
20,12,1,"Shandong","Hong Kong & Canton",1959,1963
1,6,1,"Shanghai (state)","Beijing",1954,1963
39,18,1,"Shanghai (state) & Xinjiang","Xinjiang",1959,1961
2,42,1,"","Shanghai (state) & Hubei",1957,1959
5,4,2,"Shanghai (private)","Northeast",1951,1956
5,4,1,"Shanghai (private)","Northeast",1951,1957
5,4,2,"Shanghai (private)","Northeast",1951,1954
29,4,2,"Beijing & Northeast","Northeast",1958,1959
6,5,1,"Beijing","Shanghai (private)",1951,1952
18,6,1,"Xinjiang","Beijing",1961,1963
2,6,9,"","Beijing",1964,1965
4,4,1,"Northeast","Northeast",1953,1963
2,6,1,"","Beijing",1964,1966
4,4,3,"Northeast","Northeast",1953,1962
2,1,1,"","Shanghai (state)",1952,1962
2,1,1,"","Shanghai (state)",1952,1964
2,4,4,"","Northeast",1962,1964
2,4,1,"","Northeast",1962,1965
2,4,7,"","Northeast",1962,1963
1,6,1,"Shanghai (state)","Beijing",1954,1955
1,12,1,"Shanghai (state)","Hong Kong & Canton",1955,1962
1,6,1,"Shanghai (state)","Beijing",1954,1956
1,6,1,"Shanghai (state)","Beijing",1954,1958
4,43,1,"Northeast","Beijing & Xinjiang",1958,1962
2,16,2,"","Hong Kong & Northeast",1958,1964
5,4,1,"Shanghai (private)","Northeast",1951,1962
6,6,13,"Beijing","Beijing",1956,1958
6,6,6,"Beijing","Beijing",1956,1959
8,8,1,"Xi'an","Xi'an",1963,1964
2,3,1,"","Canton",1954,1960
6,6,12,"Beijing","Beijing",1956,1957
8,8,8,"Xi'an","Xi'an",1963,1965
4,4,1,"Northeast","Northeast",1954,1963
4,4,1,"Northeast","Northeast",1954,1965
2,22,4,"","Shanghai (state) & Jiangsu",1958,1961
5,7,1,"Shanghai (private)","Hubei",1951,1960
2,12,1,"","Hong Kong & Canton",1961,1964
5,5,22,"Shanghai (private)","Shanghai (private)",1952,1953
5,1,1,"Shanghai (private)","Shanghai (state)",1953,1959
6,6,1,"Beijing","Beijing",1956,1961
5,1,28,"Shanghai (private)","Shanghai (state)",1953,1954
6,6,1,"Beijing","Beijing",1956,1963
2,8,1,"","Xi'an",1961,1963
2,8,4,"","Xi'an",1961,1962
5,1,6,"Shanghai (private)","Shanghai (state)",1953,1956
5,1,7,"Shanghai (private)","Shanghai (state)",1953,1955
5,1,1,"Shanghai (private)","Shanghai (state)",1953,1958
5,1,4,"Shanghai (private)","Shanghai (state)",1953,1957
6,6,1,"Beijing","Beijing",1956,1960
2,8,1,"","Xi'an",1961,1966
6,3,1,"Beijing","Canton",1958,1960
6,6,1,"Beijing","Beijing",1956,1965
1,4,2,"Shanghai (state)","Northeast",1963,1964
4,4,47,"Northeast","Northeast",1954,1955
4,4,9,"Northeast","Northeast",1954,1956
2,37,2,"","Beijing & Hubei",1960,1961
4,4,2,"Northeast","Northeast",1954,1957
4,4,8,"Northeast","Northeast",1954,1958
4,4,1,"Northeast","Northeast",1954,1959
6,3,1,"Beijing","Canton",1958,1959
2,1,5,"","Shanghai (state)",1959,1961
2,1,3,"","Shanghai (state)",1959,1962
2,1,9,"","Shanghai (state)",1959,1960
2,1,1,"","Shanghai (state)",1959,1965
4,18,1,"Northeast","Xinjiang",1959,1961
2,1,2,"","Shanghai (state)",1959,1963
2,1,6,"","Shanghai (state)",1959,1964
36,1,1,"Shanghai (private) & Northeast","Shanghai (state)",1953,1954
6,4,13,"Beijing","Northeast",1953,1954
2,6,4,"","Beijing",1954,1960
2,32,1,"","Beijing & Tianjin",1949,1960
2,11,1,"","Shanghai (state) & Hong Kong",1961,1963
2,11,2,"","Shanghai (state) & Hong Kong",1958,1962
6,6,43,"Beijing","Beijing",1963,1965
4,6,1,"Northeast","Beijing",1954,1960
2,11,1,"","Shanghai (state) & Hong Kong",1958,1963
6,6,6,"Beijing","Beijing",1963,1966
6,4,4,"Beijing","Northeast",1953,1955
6,6,92,"Beijing","Beijing",1963,1964
4,6,1,"Northeast","Beijing",1954,1965
6,4,2,"Beijing","Northeast",1953,1956
1,1,3,"Shanghai (state)","Shanghai (state)",1951,1955
1,1,2,"Shanghai (state)","Shanghai (state)",1951,1956
1,1,4,"Shanghai (state)","Shanghai (state)",1951,1957
2,4,1,"","Northeast",1953,1962
1,1,2,"Shanghai (state)","Shanghai (state)",1951,1958
2,4,1,"","Northeast",1953,1963
1,1,26,"Shanghai (state)","Shanghai (state)",1951,1952
2,38,1,"","Shanghai (state) & Hunan",1957,1959
1,1,13,"Shanghai (state)","Shanghai (state)",1951,1953
2,6,4,"","Beijing",1954,1958
1,1,20,"Shanghai (state)","Shanghai (state)",1951,1954
2,6,3,"","Beijing",1954,1959
2,6,3,"","Beijing",1954,1956
2,6,2,"","Beijing",1954,1957
2,6,1,"","Beijing",1954,1955
2,11,1,"","Shanghai (state) & Hong Kong",1961,1962
1,1,4,"Shanghai (state)","Shanghai (state)",1951,1959
2,13,4,"","Beijing & Hong Kong",1957,1962
28,6,1,"Shanghai (state) & Canton","Beijing",1962,1964
2,13,1,"","Beijing & Hong Kong",1957,1963
4,6,2,"Northeast","Beijing",1954,1957
5,1,13,"Shanghai (private)","Shanghai (state)",1952,1954
4,6,2,"Northeast","Beijing",1954,1956
5,1,1,"Shanghai (private)","Shanghai (state)",1952,1955
2,1,1,"","Shanghai (state)",1958,1965
4,6,9,"Northeast","Beijing",1954,1959
5,1,4,"Shanghai (private)","Shanghai (state)",1952,1956
2,1,6,"","Shanghai (state)",1958,1962
4,6,2,"Northeast","Beijing",1954,1958
5,1,3,"Shanghai (private)","Shanghai (state)",1952,1957
2,1,4,"","Shanghai (state)",1958,1963
2,1,5,"","Shanghai (state)",1958,1960
2,1,1,"","Shanghai (state)",1958,1961
5,1,1,"Shanghai (private)","Shanghai (state)",1952,1953
5,1,1,"Shanghai (private)","Shanghai (state)",1952,1958
4,6,3,"Northeast","Beijing",1954,1955
1,1,1,"Shanghai (state)","Shanghai (state)",1951,1966
41,1,2,"Shanghai (state) & Shanghai (private)","Shanghai (state)",1950,1951
41,1,1,"Shanghai (state) & Shanghai (private)","Shanghai (state)",1950,1954
6,6,20,"Beijing","Beijing",1965,1966
1,1,1,"Shanghai (state)","Shanghai (state)",1951,1963
2,4,6,"","Northeast",1953,1957
2,4,1,"","Northeast",1953,1959
7,7,3,"Hubei","Hubei",1959,1960
2,4,6,"","Northeast",1953,1954
2,4,2,"","Northeast",1953,1955
2,4,3,"","Northeast",1953,1956
4,3,1,"Northeast","Canton",1959,1966
1,3,1,"Shanghai (state)","Canton",1963,1964
2,1,16,"","Shanghai (state)",1958,1959
33,4,1,"Xi'an & Northeast","Northeast",1960,1961
1,3,1,"Shanghai (state)","Canton",1963,1966
33,4,1,"Xi'an & Northeast","Northeast",1960,1962
1,20,1,"Shanghai (state)","Shandong",1957,1959
6,4,1,"Beijing","Northeast",1951,1958
6,4,3,"Beijing","Northeast",1951,1953
6,4,4,"Beijing","Northeast",1951,1954
6,4,2,"Beijing","Northeast",1951,1956
2,7,2,"","Hubei",1959,1960
6,4,5,"Beijing","Northeast",1951,1952
2,16,4,"","Hong Kong & Northeast",1957,1964
2,12,6,"","Hong Kong & Canton",1962,1964
2,12,3,"","Hong Kong & Canton",1962,1963
3,3,1,"Canton","Canton",1961,1962
1,1,210,"Shanghai (state)","Shanghai (state)",1958,1959
2,5,2,"","Shanghai (private)",1952,1953
4,6,2,"Northeast","Beijing",1964,1965
1,3,1,"Shanghai (state)","Canton",1957,1966
1,3,3,"Shanghai (state)","Canton",1957,1960
20,6,1,"Shandong","Beijing",1954,1958
1,3,1,"Shanghai (state)","Canton",1957,1962
1,1,6,"Shanghai (state)","Shanghai (state)",1958,1960
2,4,4,"","Northeast",1963,1965
2,4,2,"","Northeast",1963,1964
1,15,3,"Shanghai (state)","Soviet Union & Northeast",1958,1959
1,6,2,"Shanghai (state)","Beijing",1964,1965
2,1,4,"","Shanghai (state)",1961,1962
1,6,1,"Shanghai (state)","Beijing",1964,1966
2,12,1,"","Hong Kong & Canton",1959,1962
2,1,4,"","Shanghai (state)",1961,1963
1,1,2,"Shanghai (state)","Shanghai (state)",1958,1965
2,6,1,"","Beijing",1954,1965
1,1,1,"Shanghai (state)","Shanghai (state)",1958,1966
1,1,11,"Shanghai (state)","Shanghai (state)",1958,1963
1,1,2,"Shanghai (state)","Shanghai (state)",1958,1964
1,1,6,"Shanghai (state)","Shanghai (state)",1958,1961
1,1,6,"Shanghai (state)","Shanghai (state)",1958,1962
1,3,1,"Shanghai (state)","Canton",1957,1958
2,32,1,"","Beijing & Tianjin",1957,1960
4,6,1,"Northeast","Beijing",1962,1964
30,6,1,"Beijing & Western Europe","Beijing",1958,1963
2,1,1,"","Shanghai (state)",1951,1963
2,1,1,"","Shanghai (state)",1951,1965
4,4,1,"Northeast","Northeast",1952,1963
33,4,1,"Xi'an & Northeast","Northeast",1962,1963
2,1,1,"","Shanghai (state)",1951,1960
33,4,1,"Xi'an & Northeast","Northeast",1962,1964
33,4,1,"Xi'an & Northeast","Northeast",1962,1965
1,1,1,"Shanghai (state)","Shanghai (state)",1956,1964
1,1,2,"Shanghai (state)","Shanghai (state)",1956,1963
14,1,1,"Beijing & Shanghai (state)","Shanghai (state)",1956,1959
1,1,1,"Shanghai (state)","Shanghai (state)",1956,1965
2,1,4,"","Shanghai (state)",1951,1956
1,1,1,"Shanghai (state)","Shanghai (state)",1956,1960
2,1,10,"","Shanghai (state)",1951,1957
2,1,11,"","Shanghai (state)",1951,1958
1,1,1,"Shanghai (state)","Shanghai (state)",1956,1962
4,4,2,"Northeast","Northeast",1952,1959
1,1,1,"Shanghai (state)","Shanghai (state)",1956,1961
2,1,8,"","Shanghai (state)",1951,1959
25,4,1,"Shanghai (state) & Northeast","Northeast",1953,1955
3,4,1,"Canton","Northeast",1960,1964
2,8,3,"","Xi'an",1963,1965
35,6,1,"Beijing & Shanghai (private)","Beijing",1950,1951
29,29,1,"Beijing & Northeast","Beijing & Northeast",1956,1958
4,4,2,"Northeast","Northeast",1952,1956
2,1,19,"","Shanghai (state)",1951,1952
2,1,6,"","Shanghai (state)",1951,1953
4,4,13,"Northeast","Northeast",1952,1954
2,1,23,"","Shanghai (state)",1951,1954
4,4,4,"Northeast","Northeast",1952,1955
2,1,8,"","Shanghai (state)",1951,1955
1,1,131,"Shanghai (state)","Shanghai (state)",1956,1957
4,4,10,"Northeast","Northeast",1952,1953
1,1,9,"Shanghai (state)","Shanghai (state)",1956,1959
1,1,44,"Shanghai (state)","Shanghai (state)",1956,1958
4,32,1,"Northeast","Beijing & Tianjin",1959,1960
1,32,1,"Shanghai (state)","Beijing & Tianjin",1954,1960
2,16,1,"","Hong Kong & Northeast",1950,1964
5,25,1,"Shanghai (private)","Shanghai (state) & Northeast",1951,1954
6,4,1,"Beijing","Northeast",1958,1965
4,1,7,"Northeast","Shanghai (state)",1956,1957
3,3,4,"Canton","Canton",1963,1964
3,3,3,"Canton","Canton",1963,1966
3,3,5,"Canton","Canton",1963,1965
2,4,2,"","Northeast",1955,1957
2,4,3,"","Northeast",1955,1958
2,4,18,"","Northeast",1955,1956
1,6,3,"Shanghai (state)","Beijing",1956,1959
41,5,1,"Shanghai (state) & Shanghai (private)","Shanghai (private)",1950,1951
12,12,1,"Hong Kong & Canton","Hong Kong & Canton",1963,1964
2,7,2,"","Hubei",1954,1959
2,11,2,"","Shanghai (state) & Hong Kong",1951,1962
2,11,1,"","Shanghai (state) & Hong Kong",1951,1963
22,1,1,"Shanghai (state) & Jiangsu","Shanghai (state)",1961,1963
6,4,2,"Beijing","Northeast",1958,1959
25,1,1,"Shanghai (state) & Northeast","Shanghai (state)",1957,1958
1,29,1,"Shanghai (state)","Beijing & Northeast",1956,1958
2,4,2,"","Northeast",1955,1963
2,6,7,"","Beijing",1962,1965
2,4,1,"","Northeast",1955,1961
2,6,10,"","Beijing",1962,1964
2,6,9,"","Beijing",1962,1963
2,19,1,"","Zhejiang",1958,1959
2,3,1,"","Canton",1960,1966
2,29,1,"","Beijing & Northeast",1951,1956
2,3,3,"","Canton",1960,1962
2,3,3,"","Canton",1960,1964
2,3,6,"","Canton",1960,1963
2,24,1,"","Inner Mongolia & Northeast",1949,1959
29,6,1,"Beijing & Northeast","Beijing",1958,1962
4,6,2,"Northeast","Beijing",1953,1954
2,1,3,"","Shanghai (state)",1957,1962
2,1,1,"","Shanghai (state)",1957,1961
2,1,1,"","Shanghai (state)",1957,1964
1,5,3,"Shanghai (state)","Shanghai (private)",1950,1951
2,1,1,"","Shanghai (state)",1957,1963
4,4,36,"Northeast","Northeast",1960,1961
2,1,1,"","Shanghai (state)",1957,1965
4,4,8,"Northeast","Northeast",1960,1965
4,4,7,"Northeast","Northeast",1960,1964
4,6,1,"Northeast","Beijing",1953,1956
4,4,30,"Northeast","Northeast",1960,1963
4,4,23,"Northeast","Northeast",1960,1962
4,6,2,"Northeast","Beijing",1953,1958
2,33,2,"","Xi'an & Northeast",1960,1962
4,4,95,"Northeast","Northeast",1959,1960
4,4,20,"Northeast","Northeast",1959,1961
4,4,19,"Northeast","Northeast",1959,1962
4,4,8,"Northeast","Northeast",1959,1963
4,4,4,"Northeast","Northeast",1959,1964
4,4,1,"Northeast","Northeast",1959,1965
2,8,3,"","Xi'an",1960,1963
2,5,6,"","Shanghai (private)",1951,1953
2,8,1,"","Xi'an",1960,1965
1,20,1,"Shanghai (state)","Shandong",1951,1959
2,5,11,"","Shanghai (private)",1951,1952
2,18,7,"","Xinjiang",1959,1960
2,8,18,"","Xi'an",1960,1961
2,8,5,"","Xi'an",1960,1962
1,4,1,"Shanghai (state)","Northeast",1953,1954
29,6,1,"Beijing & Northeast","Beijing",1958,1959
2,33,1,"","Xi'an & Northeast",1955,1962
2,12,2,"","Hong Kong & Canton",1963,1964
9,1,1,"Anhui","Shanghai (state)",1961,1964
2,1,11,"","Shanghai (state)",1957,1959
5,5,20,"Shanghai (private)","Shanghai (private)",1951,1952
2,1,19,"","Shanghai (state)",1957,1958
5,5,22,"Shanghai (private)","Shanghai (private)",1951,1953
4,3,1,"Northeast","Canton",1961,1966
3,6,1,"Canton","Beijing",1960,1962
9,1,1,"Anhui","Shanghai (state)",1961,1965
4,6,2,"Northeast","Beijing",1957,1963
1,4,1,"Shanghai (state)","Northeast",1962,1965
2,3,1,"","Canton",1955,1966
1,1,48,"Shanghai (state)","Shanghai (state)",1964,1965
1,1,2,"Shanghai (state)","Shanghai (state)",1964,1966
1,16,1,"Shanghai (state)","Hong Kong & Northeast",1958,1964
4,8,2,"Northeast","Xi'an",1954,1962
2,3,2,"","Canton",1964,1966
2,11,2,"","Shanghai (state) & Hong Kong",1962,1963
1,3,1,"Shanghai (state)","Canton",1954,1964
2,22,1,"","Shanghai (state) & Jiangsu",1956,1961
2,29,1,"","Beijing & Northeast",1958,1959
2,25,1,"","Shanghai (state) & Northeast",1949,1950
4,8,1,"Northeast","Xi'an",1954,1961
2,3,1,"","Canton",1955,1960
2,10,1,"","Sichuan",1951,1962
5,4,1,"Shanghai (private)","Northeast",1950,1959
1,3,2,"Shanghai (state)","Canton",1958,1962
5,4,1,"Shanghai (private)","Northeast",1950,1953
2,10,1,"","Sichuan",1949,1960
5,4,1,"Shanghai (private)","Northeast",1950,1955
2,15,2,"","Soviet Union & Northeast",1958,1959
2,4,2,"","Northeast",1961,1964
2,4,1,"","Northeast",1961,1963
1,3,2,"Shanghai (state)","Canton",1958,1960
2,4,1,"","Northeast",1961,1965
4,6,4,"Northeast","Beijing",1957,1958
6,1,2,"Beijing","Shanghai (state)",1962,1963
6,1,2,"Beijing","Shanghai (state)",1962,1964
1,32,2,"Shanghai (state)","Beijing & Tianjin",1958,1960
1,3,1,"Shanghai (state)","Canton",1958,1959
2,7,1,"","Hubei",1958,1959
4,6,2,"Northeast","Beijing",1957,1959
5,0,1,"Shanghai (private)","Shanghai (state) & Anhui",1951,1959
6,6,1,"Beijing","Beijing",1957,1966
2,32,1,"","Beijing & Tianjin",1959,1960
2,12,3,"","Hong Kong & Canton",1960,1963
8,4,1,"Xi'an","Northeast",1962,1963
2,12,1,"","Hong Kong & Canton",1960,1962
15,6,2,"Soviet Union & Northeast","Beijing",1959,1960
6,6,1,"Beijing","Beijing",1957,1960
6,6,3,"Beijing","Beijing",1950,1951
2,29,2,"","Beijing & Northeast",1954,1958
6,6,1,"Beijing","Beijing",1957,1962
2,1,2,"","Shanghai (state)",1953,1959
2,1,2,"","Shanghai (state)",1953,1955
2,1,3,"","Shanghai (state)",1953,1954
4,6,3,"Northeast","Beijing",1950,1951
2,1,2,"","Shanghai (state)",1953,1957
8,8,2,"Xi'an","Xi'an",1964,1965
2,1,1,"","Shanghai (state)",1953,1956
4,6,1,"Northeast","Beijing",1956,1957
1,9,4,"Shanghai (state)","Anhui",1958,1961
2,8,1,"","Xi'an",1958,1959
4,6,1,"Northeast","Beijing",1950,1957
4,6,3,"Northeast","Beijing",1950,1956
4,4,54,"Northeast","Northeast",1963,1964
6,6,37,"Beijing","Beijing",1957,1958
4,6,4,"Northeast","Beijing",1956,1959
2,8,1,"","Xi'an",1951,1959
4,6,8,"Northeast","Beijing",1956,1958
4,4,2,"Northeast","Northeast",1963,1966
15,6,1,"Soviet Union & Northeast","Beijing",1959,1964
4,4,43,"Northeast","Northeast",1963,1965
6,6,5,"Beijing","Beijing",1957,1959
4,6,2,"Northeast","Beijing",1950,1952
1,8,2,"Shanghai (state)","Xi'an",1962,1963
15,6,2,"Soviet Union & Northeast","Beijing",1959,1962
4,6,2,"Northeast","Beijing",1950,1954
2,8,1,"","Xi'an",1951,1961
2,8,1,"","Xi'an",1951,1960
6,1,1,"Beijing","Shanghai (state)",1958,1959
4,6,1,"Northeast","Beijing",1956,1962
4,6,1,"Northeast","Beijing",1956,1965
6,3,1,"Beijing","Canton",1961,1966
10,6,1,"Sichuan","Beijing",1960,1961
2,6,4,"","Beijing",1965,1966
2,4,4,"","Northeast",1951,1954
4,4,70,"Northeast","Northeast",1956,1957
2,4,1,"","Northeast",1951,1952
4,8,2,"Northeast","Xi'an",1957,1959
2,4,1,"","Northeast",1951,1958
2,4,2,"","Northeast",1951,1957
4,4,35,"Northeast","Northeast",1956,1958
2,4,3,"","Northeast",1951,1956
4,4,3,"Northeast","Northeast",1956,1959
2,4,4,"","Northeast",1951,1955
8,6,1,"Xi'an","Beijing",1961,1963
5,6,2,"Shanghai (private)","Beijing",1951,1960
11,1,1,"Shanghai (state) & Hong Kong","Shanghai (state)",1962,1965
2,3,1,"","Canton",1958,1966
5,6,1,"Shanghai (private)","Beijing",1951,1958
5,6,1,"Shanghai (private)","Beijing",1951,1959
5,6,1,"Shanghai (private)","Beijing",1951,1957
12,3,2,"Hong Kong & Canton","Canton",1963,1966
12,3,1,"Hong Kong & Canton","Canton",1963,1965
12,3,1,"Hong Kong & Canton","Canton",1963,1964
1,4,1,"Shanghai (state)","Northeast",1956,1964
2,4,2,"","Northeast",1951,1959
2,34,1,"","Sichuan & Northeast",1955,1961
37,6,3,"Beijing & Hubei","Beijing",1961,1962
2,25,1,"","Shanghai (state) & Northeast",1955,1956
4,8,1,"Northeast","Xi'an",1960,1961
2,33,1,"","Xi'an & Northeast",1958,1962
2,18,1,"","Xinjiang",1956,1961
2,43,1,"","Beijing & Xinjiang",1959,1962
1,4,2,"Shanghai (state)","Northeast",1956,1957
4,1,1,"Northeast","Shanghai (state)",1955,1959
4,1,3,"Northeast","Shanghai (state)",1955,1957
2,36,1,"","Shanghai (private) & Northeast",1949,1950
4,1,4,"Northeast","Shanghai (state)",1955,1956
2,33,1,"","Xi'an & Northeast",1954,1960
6,8,1,"Beijing","Xi'an",1957,1959
2,22,1,"","Shanghai (state) & Jiangsu",1957,1958
6,8,1,"Beijing","Xi'an",1960,1961
6,4,1,"Beijing","Northeast",1959,1964
2,28,4,"","Shanghai (state) & Canton",1956,1960
2,24,4,"","Inner Mongolia & Northeast",1958,1959
2,3,6,"","Canton",1961,1962
2,3,1,"","Canton",1958,1959
9,11,2,"Anhui","Shanghai (state) & Hong Kong",1961,1963
2,3,2,"","Canton",1958,1960
1,1,2,"Shanghai (state)","Shanghai (state)",1960,1966
1,1,3,"Shanghai (state)","Shanghai (state)",1960,1964
1,1,1,"Shanghai (state)","Shanghai (state)",1960,1965
1,1,44,"Shanghai (state)","Shanghai (state)",1960,1962
1,1,32,"Shanghai (state)","Shanghai (state)",1960,1963
6,6,2,"Beijing","Beijing",1954,1960
1,1,74,"Shanghai (state)","Shanghai (state)",1960,1961
2,9,1,"","Anhui",1954,1961
1,1,1,"Shanghai (state)","Shanghai (state)",1957,1963
1,1,1,"Shanghai (state)","Shanghai (state)",1957,1962
2,1,3,"","Shanghai (state)",1950,1958
2,1,1,"","Shanghai (state)",1950,1957
1,15,1,"Shanghai (state)","Soviet Union & Northeast",1955,1959
2,1,1,"","Shanghai (state)",1950,1956
2,1,4,"","Shanghai (state)",1950,1955
1,1,1,"Shanghai (state)","Shanghai (state)",1957,1966
1,1,206,"Shanghai (state)","Shanghai (state)",1957,1958
2,1,6,"","Shanghai (state)",1950,1954
2,1,4,"","Shanghai (state)",1950,1953
2,1,5,"","Shanghai (state)",1950,1952
1,1,15,"Shanghai (state)","Shanghai (state)",1957,1959
2,1,47,"","Shanghai (state)",1950,1951
25,4,1,"Shanghai (state) & Northeast","Northeast",1954,1955
6,6,1,"Beijing","Beijing",1954,1955
2,8,1,"","Xi'an",1964,1965
6,6,1,"Beijing","Beijing",1954,1959
6,6,2,"Beijing","Beijing",1954,1958
4,6,1,"Northeast","Beijing",1963,1964
6,6,2,"Beijing","Beijing",1954,1957
6,6,9,"Beijing","Beijing",1954,1956
2,6,4,"","Beijing",1961,1963
2,6,3,"","Beijing",1961,1964
2,6,3,"","Beijing",1961,1962
2,6,13,"","Beijing",1958,1960
2,6,3,"","Beijing",1958,1963
8,8,15,"Xi'an","Xi'an",1961,1962
2,6,1,"","Beijing",1958,1964
2,6,4,"","Beijing",1958,1961
8,8,3,"Xi'an","Xi'an",1961,1963
4,21,1,"Northeast","Beijing & Xi'an",1951,1964
8,8,3,"Xi'an","Xi'an",1961,1964
2,6,6,"","Beijing",1958,1962
6,4,2,"Beijing","Northeast",1962,1963
8,8,1,"Xi'an","Xi'an",1961,1966
1,6,1,"Shanghai (state)","Beijing",1957,1963
1,6,1,"Shanghai (state)","Beijing",1957,1962
2,6,49,"","Beijing",1958,1959
3,3,1,"Canton","Canton",1962,1966
6,6,1,"Beijing","Beijing",1954,1964
2,3,1,"","Canton",1951,1960
3,3,12,"Canton","Canton",1962,1963
0,9,3,"Shanghai (state) & Anhui","Anhui",1959,1961
6,4,1,"Beijing","Northeast",1962,1965
3,3,4,"Canton","Canton",1962,1964
3,3,1,"Canton","Canton",1962,1965
5,4,1,"Shanghai (private)","Northeast",1953,1958
1,6,1,"Shanghai (state)","Beijing",1960,1962
20,1,1,"Shandong","Shanghai (state)",1959,1964
5,4,2,"Shanghai (private)","Northeast",1953,1956
5,4,2,"Shanghai (private)","Northeast",1953,1955
5,4,1,"Shanghai (private)","Northeast",1953,1954
20,1,1,"Shandong","Shanghai (state)",1959,1960
40,1,1,"Beijing & Shanghai (state) & Anhui & Northeast","Shanghai (state)",1958,1959
5,9,1,"Shanghai (private)","Anhui",1953,1961
1,6,3,"Shanghai (state)","Beijing",1957,1959
1,6,1,"Shanghai (state)","Beijing",1957,1958
2,6,5,"","Beijing",1958,1965
2,6,1,"","Beijing",1958,1966
2,14,1,"","Beijing & Shanghai (state)",1959,1964
2,4,7,"","Northeast",1964,1965
3,3,3,"Canton","Canton",1959,1960
2,15,1,"","Soviet Union & Northeast",1955,1959
32,4,1,"Beijing & Tianjin","Northeast",1960,1961
11,1,1,"Shanghai (state) & Hong Kong","Shanghai (state)",1962,1963
2,1,1,"","Shanghai (state)",1950,1961
2,27,1,"","Shanghai (state) & Shandong",1951,1954
2,1,1,"","Shanghai (state)",1950,1960
6,4,3,"Beijing","Northeast",1952,1953
6,4,1,"Beijing","Northeast",1952,1955
6,4,6,"Beijing","Northeast",1952,1954
6,4,1,"Beijing","Northeast",1952,1959
1,20,2,"Shanghai (state)","Shandong",1958,1959
